0	0.21632156	0.14323679	0.92971087	0.5218521	0.21898119	0.19150525	
1	0.260013	0.6154568	0.88685083	0.3869911	0.49839085	0.41874054	
2	0.51257116	0.37850925	0.8903315	0.47003558	0.5185885	0.27782193	
3	0.6244998	0.14013825	0.80360043	0.25078005	0.5083784	0.158367	
4	0.63847303	0.66176015	0.90261585	0.41932738	0.5055434	0.3919044	
5	0.79007953	0.28524667	0.9201953	0.4227272	0.45506915	0.44001946	
6	0.9046877	0.73554385	0.8349865	0.39983588	0.5338342	0.81238496	
7	0.86578053	0.1230069	0.8808907	0.89244217	0.5569198	0.50174403	
8	0.90960157	0.8545116	0.7248732	0.06308404	0.6066296	0.3079193	
9	0.870423	0.17469607	0.89725	0.8651273	0.7087524	0.3182558	
10	0.6680261	0.9035525	0.8650288	0.09095155	0.51791555	0.4993648	
11	0.59195316	0.88862765	0.6286045	0.2044463	0.4917739	0.18349281	
12	0.818205	0.18064775	0.7358517	0.82067907	0.81735694	0.13626131	
13	0.61884403	0.09104224	0.72882366	0.81026584	0.69886667	0.59820825	
14	0.44113123	0.8914693	0.7004663	0.20615435	0.6255444	0.42806792	
15	0.9269425	0.08875629	0.854182	0.44337592	0.69016844	0.20613179	
16	0.67543226	0.21346065	0.84455216	0.6663056	0.86906993	0.44653141	
17	0.5148332	0.14666452	0.79372096	0.81408083	0.8398429	0.8460541	
18	0.65806866	0.0913243	0.58701074	0.14086379	0.83362067	0.35011357	
19	0.8351529	0.10684348	0.7224594	0.5294439	0.84320796	0.35132575	
20	0.75995445	0.63606405	0.67048705	0.36558703	0.8028326	0.31646404	
21	0.8917355	0.9210036	0.8902581	0.59779024	0.74119437	0.45864153	
22	0.7980582	0.669956	0.7332719	0.10524005	0.8290346	0.7031047	
23	0.79925025	0.8706818	0.8837889	0.8926214	0.75556904	0.77455425	
24	0.7549167	0.58065766	0.857991	0.286224	0.83879614	0.5324367	
25	0.9093202	0.3375792	0.6810164	0.121959105	0.6193803	0.55896634	
26	0.9313435	0.77730256	0.61481065	0.6279868	0.6048699	0.61285853	
27	0.89409643	0.6555782	0.64421415	0.08587938	0.5143633	0.5612723	
28	0.93035567	0.2559519	0.6608224	0.7001556	0.6146939	0.6006801	
29	0.91168255	0.4811504	0.59799147	0.707013	0.7432628	0.6198649	
30	0.6792039	0.83641154	0.4324133	0.077669166	0.5282957	0.26238567	
31	0.6920532	0.73933375	0.6269437	0.13540576	0.5741496	0.3885978	
32	0.72316045	0.4678205	0.70869195	0.5984859	0.69565403	0.448438	
33	0.9197412	0.6351895	0.6719313	0.13378541	0.76091975	0.18677323	
34	0.6772545	0.6481884	0.44190708	0.19266658	0.7233843	0.7882714	
35	0.8977762	0.48366335	0.5866961	0.5403469	0.83071035	0.46820146	
36	0.8835342	0.7728353	0.5165287	0.5097484	0.8200039	0.5368423	
37	0.81594324	0.29805934	0.4353093	0.18703948	0.70605	0.8237734	
38	0.8600498	0.9008326	0.43433428	0.64936405	0.6604047	0.38198957	
39	0.8653857	0.41540906	0.596645	0.89232093	0.52495474	0.50834703	
40	0.641298	0.62563276	0.60277706	0.8701198	0.6369287	0.6652964	
41	0.4779676	0.90072006	0.60760784	0.7113684	0.57549083	0.41270307	
42	0.47067317	0.4231429	0.51554024	0.03455109	0.6852963	0.294272	
43	0.21569367	0.35001066	0.60123336	0.10032918	0.61831105	0.1727353	
44	0.7140803	0.5616453	0.7004927	0.44875097	0.5841996	0.17430462	
45	0.51307327	0.06508695	0.6635444	0.33250558	0.5326599	0.58672345	
46	0.76715213	0.6245545	0.6006447	0.51488644	0.54679483	0.43374148	
47	0.86261266	0.09287404	0.5064129	0.3380508	0.31794137	0.7096357	
48	0.882172	0.83666396	0.42732364	0.15867424	0.20517816	0.78952813	
49	0.885198	0.6746769	0.50348586	0.360996	0.48634675	0.7745774	
50	0.8642044	0.08107223	0.49422836	0.88784844	0.32982188	0.35417747	
51	0.7327994	0.34913963	0.64606977	0.14349884	0.5155347	0.3911053	
52	0.6558043	0.8985371	0.6764215	0.65537643	0.40265876	0.45977864	
53	0.5946822	0.5278901	0.6241981	0.090570845	0.4114127	0.60994464	
54	0.697738	0.13484035	0.69490343	0.548692	0.45046604	0.6635547	
55	0.71931857	0.6505032	0.8209017	0.5549182	0.48953494	0.68103373	
56	0.7773242	0.86904573	0.6479929	0.57982695	0.39314625	0.6360304	
57	0.91334194	0.6311854	0.606319	0.1234863	0.22795752	0.6903381	
58	0.91391975	0.7386369	0.66738886	0.2921237	0.39055106	0.497414	
59	0.8812434	0.8688504	0.58692247	0.12907018	0.49592802	0.81609434	
60	0.8056168	0.52926254	0.4817686	0.96726334	0.6626644	0.33239418	
61	0.6891799	0.72571206	0.47008198	0.14276458	0.4070984	0.77101463	
62	0.9141398	0.48539028	0.6434747	0.30692476	0.54997104	0.28023818	
63	0.9065621	0.34026483	0.5817628	0.41767403	0.53069115	0.6592043	
64	0.21644248	0.13975485	0.5221439	0.9264143	0.1917595	0.21753258	
65	0.34765485	0.13896272	0.86301595	0.4712586	0.121999554	0.3560399	
66	0.34284756	0.67168194	0.9121599	0.36835265	0.40141937	0.26614067	
67	0.46380448	0.5422473	0.8103505	0.3395795	0.4674905	0.34872365	
68	0.5233587	0.083821125	0.9143698	0.44916913	0.3912119	0.32010972	
69	0.51892996	0.66908735	0.8948054	0.44083518	0.597605	0.5840783	
70	0.84282	0.6415908	0.7124106	0.5476505	0.39566916	0.30003998	
71	0.7789919	0.14761792	0.90363044	0.41662446	0.4140264	0.8109999	
72	0.8811819	0.6065566	0.80616057	0.08969246	0.4449291	0.8193467	
73	0.8350292	0.38580945	0.9028066	0.08467914	0.47312096	0.62396646	
74	0.91202015	0.13590667	0.883597	0.09394879	0.34251675	0.31567985	
75	0.9105968	0.6160643	0.87852836	0.7085688	0.35080358	0.55261075	
76	0.6384922	0.5233229	0.85296994	0.22497647	0.1871999	0.68182176	
77	0.85331863	0.48412877	0.90840733	0.18656686	0.20644267	0.23062623	
78	0.90915173	0.56821054	0.79069924	0.739961	0.20114464	0.33495298	
79	0.79374194	0.59962296	0.8836879	0.824057	0.2510703	0.83630735	
80	0.68261904	0.32712665	0.7738008	0.32543528	0.219157	0.54591894	
81	0.9060523	0.3245025	0.83401674	0.61106163	0.14693972	0.3608444	
82	0.8762672	0.48194262	0.71524405	0.61342406	0.17916481	0.5883408	
83	0.50924766	0.1273609	0.53168964	0.1417782	0.2030244	0.7925213	
84	0.9089872	0.115376465	0.8479921	0.2943373	0.19487582	0.4896966	
85	0.869129	0.096552126	0.14553294	0.11180904	0.28993624	0.77399343	
86	0.9124849	0.8724236	0.8292548	0.69884175	0.16417447	0.5498365	
87	0.8800363	0.46923548	0.083620474	0.1323854	0.17051147	0.27782983	
88	0.9101906	0.378319	0.09451409	0.40966344	0.25348946	0.41576502	
89	0.88166374	0.3273559	0.5273439	0.84545714	0.16882578	0.7591017	
90	0.71484804	0.5986554	0.4031777	0.711864	0.16965185	0.6029408	
91	0.73239166	0.54776245	0.9182339	0.8993144	0.17223269	0.15944414	
92	0.4795436	0.5524009	0.817121	0.16867477	0.17652085	0.47405815	
93	0.43445286	0.5837468	0.27348655	0.07699548	0.28504264	0.18272038	
94	0.49513766	0.5528498	0.27944	0.31989932	0.16890413	0.63902175	
95	0.8316086	0.103929915	0.3385206	0.66124237	0.1621162	0.21672015	
96	0.85101855	0.62295336	0.34185448	0.34449637	0.30716136	0.6339702	
97	0.88927007	0.2756646	0.25086915	0.4090083	0.3307321	0.8007743	
98	0.82603776	0.7294328	0.14367458	0.09421758	0.19683048	0.3596739	
99	0.4551106	0.37792522	0.2268722	0.6815448	0.36712238	0.57029945	
100	0.5645096	0.8923141	0.138942	0.1779062	0.22337312	0.38025492	
101	0.5965433	0.6723118	0.9265132	0.46792275	0.31856227	0.58539927	
102	0.6080953	0.86132354	0.10050003	0.35838223	0.2683428	0.5740623	
103	0.7627122	0.22955966	0.03630809	0.54680353	0.2291296	0.6519071	
104	0.7242406	0.1684751	0.24830739	0.13909203	0.4757299	0.58881813	
105	0.92032665	0.6964951	0.086676024	0.68680197	0.48595506	0.58180606	
106	0.8718635	0.090151876	0.29742977	0.12645708	0.3195777	0.48815158	
107	0.8856023	0.20386244	0.39727968	0.1426778	0.22623195	0.79017633	
108	0.27903435	0.6735011	0.36893585	0.8673955	0.35750008	0.4661531	
109	0.36242765	0.13802186	0.46537393	0.854993	0.3457656	0.12836292	
110	0.19777644	0.28935242	0.9397166	0.5621169	0.30117115	0.24616064	
111	0.34936395	0.8743917	0.8751297	0.34227484	0.46616125	0.14435592	
112	0.2581853	0.49214688	0.9304213	0.43516338	0.48855534	0.47944584	
113	0.46779647	0.22592495	0.9359951	0.48214215	0.41715088	0.40035892	
114	0.7315071	0.076194905	0.8873636	0.6067128	0.58142537	0.2734968	
115	0.606566	0.6143095	0.70034343	0.3634152	0.51260054	0.8392256	
116	0.8216386	0.8824179	0.84792584	0.3467636	0.67575794	0.17627786	
117	0.89055586	0.419737	0.89475095	0.3339821	0.7693281	0.23290633	
118	0.9265118	0.8123236	0.89264315	0.67344177	0.5825349	0.7018558	
119	0.7491176	0.4847934	0.9067085	0.12178364	0.7295642	0.83543724	
120	0.8954136	0.50284016	0.9242877	0.42922917	0.51702255	0.4003149	
121	0.91712576	0.7282808	0.85333204	0.81266123	0.62086385	0.41562906	
122	0.65768826	0.8669711	0.875863	0.16285765	0.6690622	0.7946654	
123	0.91642666	0.8089027	0.62446815	0.25276428	0.6463771	0.38739324	
124	0.87899417	0.3097832	0.89714235	0.62171215	0.59011334	0.8365987	
125	0.84442955	0.3029002	0.869232	0.11185634	0.8358105	0.579073	
126	0.8333359	0.8325103	0.8802534	0.72673875	0.825673	0.6032745	
127	0.90919197	0.8860418	0.8767368	0.8818636	0.78077745	0.3253722	
128	0.48271704	0.75498605	0.873679	0.1103035	0.78595823	0.5791187	
129	0.50034034	0.63781965	0.6414144	0.16251783	0.7804341	0.24092376	
130	0.6938272	0.88680243	0.8564146	0.69776326	0.80493945	0.22006309	
131	0.6019786	0.8674487	0.9007207	0.90234846	0.7447915	0.41473883	
132	0.24624471	0.5348456	0.8624276	0.11539002	0.6640746	0.59146285	
133	0.5291312	0.5657622	0.13161445	0.16203035	0.8554645	0.19947733	
134	0.5608159	0.89188766	0.105484724	0.7582939	0.7693918	0.27641073	
135	0.3124922	0.8552864	0.18749356	0.79556024	0.77838206	0.7973018	
136	0.28508398	0.43608636	0.29924914	0.28330135	0.7899343	0.48361683	
137	0.49639234	0.53110576	0.1525171	0.5281853	0.8029286	0.19496715	
138	0.564442	0.848288	0.23800656	0.6741973	0.5427781	0.48065114	
139	0.39691994	0.13930126	0.31651238	0.5246972	0.5450911	0.82869285	
140	0.57430494	0.47288594	0.33707026	0.3649372	0.6782771	0.52763754	
141	0.80162317	0.60609853	0.3648143	0.40158024	0.55865955	0.33294755	
142	0.88929915	0.111460395	0.12799571	0.28835353	0.43862608	0.38098654	
143	0.73876613	0.5489482	0.08781334	0.58121854	0.5588222	0.49930003	
144	0.8631668	0.3063551	0.1642133	0.86503714	0.8157902	0.7746451	
145	0.8991154	0.41949773	0.13575307	0.13564909	0.7709911	0.3101204	
146	0.8629158	0.45147684	0.11579176	0.8392548	0.596147	0.6159886	
147	0.8617245	0.33231288	0.14422004	0.100327045	0.7959162	0.5515512	
148	0.66883755	0.41082177	0.09778051	0.17055677	0.5944749	0.78896797	
149	0.8617201	0.33068526	0.10419082	0.34276152	0.608242	0.5461844	
150	0.85484636	0.8929291	0.12703246	0.18003656	0.77464086	0.7283316	
151	0.9064474	0.15221938	0.37870443	0.6453599	0.679061	0.6056015	
152	0.84483945	0.88079476	0.091759674	0.19598752	0.8154629	0.4560551	
153	0.8539861	0.13743664	0.49641657	0.67971027	0.8174121	0.44053522	
154	0.8796482	0.8165249	0.60852075	0.7434219	0.84338194	0.37864038	
155	0.6756004	0.8266928	0.31643948	0.12177767	0.80639297	0.45658192	
156	0.53746474	0.8509599	0.8507567	0.5633088	0.8157698	0.7322235	
157	0.71616924	0.9150746	0.1972213	0.5513801	0.82043093	0.3859458	
158	0.65778995	0.8652474	0.13843949	0.78370035	0.7987081	0.5039243	
159	0.72462857	0.3003363	0.33193722	0.108255506	0.8143047	0.19926676	
160	0.60097694	0.121821076	0.35476434	0.3191456	0.74194497	0.42071784	
161	0.7799072	0.7176326	0.29723132	0.58363575	0.7071278	0.49419916	
162	0.91081524	0.11001064	0.19840316	0.14261468	0.5800223	0.55154717	
163	0.9165843	0.8709869	0.31135917	0.651843	0.65589267	0.6464643	
164	0.8316417	0.5342858	0.2975838	0.12771155	0.46731037	0.81892353	
165	0.8722102	0.66052634	0.35295805	0.8808229	0.6911893	0.6141759	
166	0.68759656	0.8479275	0.4095595	0.88821036	0.5881927	0.55886173	
167	0.3669646	0.12659116	0.49502584	0.8452982	0.79298806	0.6620145	
168	0.56475073	0.7263922	0.26362303	0.847169	0.8294255	0.18664534	
169	0.2562779	0.7170125	0.11319604	0.17919324	0.7377625	0.39777583	
170	0.5252473	0.547539	0.32624388	0.27797523	0.6481775	0.16825625	
171	0.45610762	0.10906365	0.641463	0.35142073	0.77332485	0.53226274	
172	0.6336329	0.70499754	0.3783846	0.48219246	0.8381407	0.31428725	
173	0.8361247	0.129293	0.46246377	0.35522476	0.7691712	0.6019387	
174	0.8029579	0.8930051	0.29548103	0.100038335	0.63146454	0.80268097	
175	0.9005918	0.5541313	0.38959774	0.8411177	0.82018465	0.38456523	
176	0.8723548	0.13028601	0.42885655	0.85087746	0.7746659	0.19038382	
177	0.5466034	0.5691284	0.50309753	0.12734875	0.824695	0.5835237	
178	0.56352484	0.08800561	0.5394251	0.7736024	0.72386146	0.359281	
179	0.26831684	0.48736873	0.5328156	0.08618609	0.7110092	0.68511057	
180	0.26302683	0.17886049	0.83553755	0.43005854	0.7794855	0.79348475	
181	0.5061375	0.38310945	0.87594277	0.5918218	0.846723	0.40420243	
182	0.6419822	0.8580671	0.6346109	0.59507805	0.72255373	0.4480764	
183	0.88341737	0.4871519	0.62452334	0.52465534	0.76464194	0.16271152	
184	0.8978579	0.10558834	0.67470807	0.3051571	0.72344464	0.43421945	
185	0.87255406	0.88320273	0.54127926	0.88616276	0.66925734	0.47841635	
186	0.6986589	0.13811237	0.43590385	0.81341004	0.64400464	0.5634899	
187	0.73491514	0.89141613	0.528556	0.329394	0.7856349	0.4100931	
188	0.58691746	0.33243644	0.5065136	0.34178436	0.8309216	0.6439339	
189	0.86952853	0.87586755	0.43384615	0.33283573	0.8648372	0.704205	
190	0.8897432	0.08489957	0.5031842	0.13147816	0.57822716	0.74591815	
191	0.87637514	0.85881066	0.45070297	0.8622311	0.4664582	0.76686627	
192	0.8801122	0.35635924	0.30616808	0.2997774	0.77960247	0.7000902	
193	0.47747663	0.28971577	0.46238464	0.93454844	0.3815769	0.44046327	
194	0.3304302	0.8491882	0.3476613	0.8534683	0.17847823	0.45023218	
195	0.18881094	0.32073683	0.56101555	0.938324	0.27634066	0.3294948	
196	0.3760565	0.43998668	0.9099401	0.39376694	0.24450158	0.32571775	
197	0.26622537	0.7505008	0.8137082	0.33930874	0.4761873	0.3373317	
198	0.39551488	0.34485716	0.84944993	0.4928845	0.57934624	0.5764167	
199	0.5568682	0.52517307	0.88704515	0.592655	0.52325124	0.45576245	
200	0.44713855	0.8748686	0.7907016	0.45840493	0.47349876	0.7931284	
201	0.86442995	0.29756284	0.8953433	0.53554493	0.5208989	0.24032444	
202	0.8974228	0.89310414	0.60243016	0.22338648	0.5073055	0.17682657	
203	0.72491103	0.22206606	0.71093225	0.8938682	0.5888347	0.6932206	
204	0.62793875	0.90806013	0.6187595	0.20243506	0.47014487	0.5894768	
205	0.86597747	0.92425144	0.54578567	0.43506372	0.68663925	0.20149393	
206	0.8747647	0.5472358	0.69206893	0.3912211	0.68675303	0.6466536	
207	0.90339524	0.23613845	0.8124928	0.91938573	0.35753262	0.3047337	
208	0.62430286	0.08229995	0.6672537	0.22629815	0.41317084	0.8150433	
209	0.8982427	0.11543279	0.81538725	0.38394848	0.4309501	0.49710393	
210	0.90108603	0.17581637	0.83603495	0.87414414	0.3370174	0.6865291	
211	0.83553815	0.4012738	0.7727958	0.7783609	0.4427888	0.4062649	
212	0.5929121	0.14159197	0.85623115	0.066227295	0.39187878	0.5230475	
213	0.67529017	0.670742	0.5784773	0.12306266	0.22423053	0.17729013	
214	0.89057964	0.27982482	0.6201247	0.6909717	0.50764424	0.14810658	
215	0.60660404	0.32423106	0.7086958	0.853525	0.4307808	0.6200078	
216	0.48982674	0.09480896	0.6435119	0.12234094	0.40788713	0.5614214	
217	0.7461234	0.15501544	0.702336	0.48339537	0.3838115	0.16842894	
218	0.70878756	0.38666588	0.63733965	0.70465004	0.53313047	0.41615856	
219	0.5727003	0.22626464	0.55800676	0.8915679	0.41929045	0.861803	
220	0.61946464	0.07663035	0.6033158	0.35359362	0.34249365	0.44185063	
221	0.7624803	0.3725361	0.6864967	0.5756816	0.37527764	0.27762392	
222	0.73050493	0.42100847	0.61263645	0.65379924	0.58280647	0.66242063	
223	0.54437405	0.89464647	0.6243157	0.33213785	0.7182329	0.8515069	
224	0.87488216	0.14029506	0.5954774	0.35116875	0.43727192	0.41270602	
225	0.90448743	0.29045948	0.5725221	0.63999295	0.35411748	0.34543398	
226	0.9268186	0.65469223	0.47158185	0.11144279	0.51867175	0.28933442	
227	0.9178019	0.11675795	0.55587274	0.6391793	0.43378246	0.5406405	
228	0.8925681	0.11682612	0.6225053	0.9194172	0.514619	0.59764	
229	0.87506205	0.9027578	0.5416484	0.12140148	0.47737327	0.45063964	
230	0.6478669	0.90544343	0.5830385	0.12287717	0.72221863	0.5956778	
231	0.88770264	0.8806103	0.6201469	0.31059185	0.627571	0.6389932	
232	0.884154	0.545876	0.50704765	0.08268972	0.24551862	0.35027075	
233	0.91614187	0.41058075	0.7337951	0.669368	0.4271489	0.68887866	
234	0.8946373	0.522936	0.5249404	0.6705401	0.40671897	0.5675283	
235	0.8656766	0.09522829	0.5636733	0.12021681	0.34726053	0.20250869	
236	0.90675694	0.6469012	0.5721093	0.911801	0.46551123	0.522651	
237	0.84761626	0.90097415	0.58154684	0.8928936	0.39673555	0.51837426	
238	0.7859202	0.40112498	0.5852899	0.89545774	0.333333	0.18032594	
239	0.47221196	0.32208243	0.58027816	0.12850153	0.2772521	0.56016195	
240	0.75477046	0.286371	0.6021847	0.1025753	0.2191577	0.23353143	
241	0.7565159	0.91983664	0.6441501	0.37277985	0.21636719	0.5584658	
242	0.9279538	0.43429384	0.6148702	0.4767666	0.26558927	0.36080453	
243	0.90910524	0.39480782	0.68758047	0.8748498	0.25581494	0.49414027	
244	0.722512	0.8776211	0.58333355	0.80187327	0.16683313	0.50594306	
245	0.59344	0.6124045	0.5513015	0.15064637	0.19542333	0.56077427	
246	0.525191	0.38356495	0.5975223	0.5705405	0.26311135	0.7939427	
247	0.5991477	0.71618956	0.4916143	0.35402328	0.34470838	0.59614	
248	0.84923095	0.8645052	0.6426205	0.58978564	0.1776299	0.34678438	
249	0.68759227	0.0984058	0.2145244	0.83940476	0.19068414	0.35314345	
250	0.47950637	0.54364836	0.348199	0.808155	0.33135602	0.47550872	
251	0.32101357	0.89268744	0.17944236	0.5243276	0.16357544	0.51263845	
252	0.37155795	0.43218854	0.4105511	0.905702	0.3311427	0.23851264	
253	0.2178083	0.22330557	0.9363242	0.5567601	0.23893598	0.21857321	
254	0.20223622	0.62284523	0.84591275	0.45039675	0.61223245	0.5831492	
255	0.55160075	0.6968259	0.7820993	0.56003314	0.43687034	0.25569192	
256	0.50018084	0.11162891	0.9688865	0.5605721	0.13966073	0.54608214	
257	0.72757876	0.48990062	0.8651306	0.4406969	0.3684849	0.3774312	
258	0.91969323	0.30664843	0.79410386	0.30187845	0.3780208	0.17866872	
259	0.9068626	0.47077656	0.89636767	0.6466971	0.46370688	0.380087	
260	0.6689445	0.5110715	0.91336566	0.8298132	0.46990228	0.7636201	
261	0.58312166	0.13636419	0.8926099	0.3188723	0.33999234	0.56683666	
262	0.9104572	0.32282874	0.9131001	0.48287976	0.31663868	0.3316446	
263	0.9112697	0.087825984	0.8714783	0.84850574	0.36867008	0.45755297	
264	0.7168983	0.57559294	0.8468431	0.943945	0.5749318	0.39718568	
265	0.3992899	0.65653926	0.6788321	0.8705498	0.47768074	0.7800114	
266	0.65369743	0.42712352	0.896134	0.34268978	0.59601325	0.5091214	
267	0.87306833	0.75302404	0.9087634	0.5440484	0.4882995	0.4432515	
268	0.87842566	0.3518376	0.07087707	0.149699	0.38963512	0.17097485	
269	0.83587456	0.9190584	0.8950561	0.4647772	0.30668208	0.78631437	
270	0.8762477	0.85459614	0.11665742	0.069661774	0.46816295	0.3614466	
271	0.51289934	0.32571265	0.09832093	0.7837558	0.43746972	0.8182625	
272	0.7120092	0.6243202	0.8972395	0.7871583	0.42469078	0.48870203	
273	0.26779774	0.657963	0.15760551	0.105023935	0.4627693	0.79960936	
274	0.69315386	0.38604572	0.12197461	0.11083354	0.358854	0.3653437	
275	0.73335373	0.6596917	0.123216495	0.63992596	0.21855633	0.18652771	
276	0.59604526	0.6596575	0.90006083	0.8885464	0.1987329	0.5795299	
277	0.31100872	0.4908903	0.14146507	0.13590702	0.20801969	0.64747494	
278	0.64854175	0.54512274	0.13207346	0.23767547	0.19114609	0.17529467	
279	0.7053757	0.6576363	0.88243896	0.6938174	0.18302362	0.40116516	
280	0.501451	0.72734755	0.7929443	0.6356482	0.16516154	0.7039873	
281	0.77343196	0.51144385	0.11643113	0.3212358	0.16209885	0.53803915	
282	0.88434523	0.58396125	0.08107407	0.57746494	0.20707172	0.36962235	
283	0.88620996	0.6788607	0.8741388	0.6438362	0.14752714	0.726141	
284	0.83097905	0.57644206	0.39517048	0.49887985	0.16332	0.828832	
285	0.8957004	0.66104996	0.22877291	0.3573917	0.17839305	0.38660493	
286	0.8973764	0.52094626	0.130313	0.10464882	0.18777217	0.6757917	
287	0.8824553	0.38976827	0.88966465	0.8412707	0.19039088	0.78375494	
288	0.9041029	0.22940688	0.8271877	0.14551269	0.16424459	0.36434987	
289	0.72588634	0.19398765	0.82266617	0.073942244	0.1590377	0.6660373	
290	0.733365	0.13646352	0.19990669	0.12613565	0.23828577	0.24777924	
291	0.87331605	0.8428756	0.11471213	0.5658725	0.18896657	0.8212941	
292	0.90455806	0.8943373	0.11669482	0.6797397	0.29580513	0.6032205	
293	0.8900111	0.43547648	0.28061816	0.13272311	0.20095618	0.19170797	
294	0.8654614	0.47713646	0.39647007	0.90020496	0.32610923	0.49657524	
295	0.86252797	0.8746436	0.15134344	0.84265035	0.23354158	0.20173576	
296	0.33204436	0.9086666	0.2481477	0.072287634	0.1599298	0.3547802	
297	0.5497376	0.69023037	0.32320192	0.281774	0.22607878	0.38123003	
298	0.5529846	0.44746858	0.44245842	0.39560592	0.32518345	0.57484716	
299	0.8578529	0.89549446	0.3491408	0.55848813	0.19449963	0.21760419	
300	0.8904801	0.8972142	0.12988317	0.8985171	0.27649596	0.4474624	
301	0.634819	0.37484923	0.17890148	0.89488894	0.4181595	0.4323791	
302	0.5410694	0.10515911	0.3742354	0.12084303	0.346334	0.3265689	
303	0.40786272	0.85003173	0.15618673	0.13001192	0.21715525	0.7060136	
304	0.48380086	0.10642203	0.13314962	0.38128448	0.26854736	0.26891127	
305	0.7111785	0.33808324	0.12897499	0.69478965	0.25864032	0.46018934	
306	0.8223412	0.88938904	0.14290752	0.22697198	0.33963042	0.14064762	
307	0.753628	0.71286356	0.12650478	0.2751725	0.51823336	0.44140843	
308	0.9039383	0.25860617	0.43017	0.08656478	0.45356008	0.42295048	
309	0.68869585	0.5769152	0.27365646	0.8663857	0.5392571	0.8288215	
310	0.88255036	0.31048825	0.3552479	0.30330765	0.44160324	0.33060303	
311	0.85529	0.7247262	0.25230658	0.6054086	0.39809808	0.7485349	
312	0.6594521	0.6953868	0.38371208	0.9085522	0.36324102	0.51170033	
313	0.49736515	0.12617546	0.46291518	0.9313369	0.32451135	0.3666515	
314	0.2541716	0.55372864	0.41395503	0.9046763	0.47634226	0.51893073	
315	0.2931075	0.8842032	0.076015145	0.7237481	0.34735632	0.23750347	
316	0.2107295	0.23442261	0.5551032	0.93529695	0.22428587	0.24721293	
317	0.22075967	0.059116285	0.90862936	0.48942876	0.20176977	0.1924634	
318	0.34976456	0.12706184	0.9233922	0.64061767	0.47318766	0.24736907	
319	0.2877656	0.5993143	0.830525	0.51701444	0.7532047	0.81801355	
320	0.63863075	0.8835122	0.88701713	0.38188264	0.5145329	0.274055	
321	0.48392814	0.57705265	0.8725759	0.32884127	0.76948714	0.2396039	
322	0.652866	0.8783644	0.85592014	0.63890344	0.5611593	0.30608875	
323	0.36155015	0.8673428	0.860827	0.6870032	0.52378905	0.7474505	
324	0.29617822	0.5282895	0.108623266	0.100014806	0.65534526	0.63623524	
325	0.52482575	0.3855554	0.07576437	0.44004917	0.75482696	0.38558742	
326	0.8664652	0.075189754	0.13376056	0.4882234	0.6571863	0.55136085	
327	0.91048235	0.84252185	0.16027978	0.34150526	0.60615814	0.26571125	
328	0.87226105	0.103495866	0.88918406	0.16132706	0.8450495	0.33314574	
329	0.8107964	0.41518492	0.8329383	0.82803464	0.8394182	0.7564801	
330	0.8323559	0.28699836	0.90106004	0.3029813	0.73922116	0.44404054	
331	0.8555109	0.90439713	0.8780974	0.29467112	0.7880559	0.5049442	
332	0.8899365	0.76522017	0.65834993	0.10395566	0.82903457	0.4404382	
333	0.92721266	0.33344942	0.83800757	0.49078813	0.8234823	0.60712224	
334	0.8194219	0.10036875	0.14598897	0.89709616	0.5009002	0.5336969	
335	0.868897	0.89488745	0.82852423	0.1365487	0.38090387	0.6321491	
336	0.8699703	0.57844836	0.90223306	0.56434613	0.61848515	0.59049815	
337	0.8683454	0.36606854	0.9063413	0.8098029	0.5814247	0.6852111	
338	0.8750533	0.870801	0.90833455	0.13345292	0.49432573	0.17277518	
339	0.67084706	0.42727357	0.84253883	0.8718104	0.6953013	0.54993385	
340	0.56992185	0.88283825	0.6558674	0.9028634	0.5025409	0.12448155	
341	0.27582157	0.894014	0.788193	0.21137236	0.7354578	0.7637298	
342	0.7852596	0.9041577	0.6645274	0.3626835	0.5064445	0.40936506	
343	0.68507177	0.25910926	0.72361493	0.5329493	0.58597714	0.33145005	
344	0.7056751	0.88695425	0.6541961	0.12202577	0.77180207	0.19485505	
345	0.6185703	0.35254428	0.8695243	0.45106786	0.7739084	0.7833246	
346	0.6035552	0.5672632	0.6400935	0.56718355	0.83280486	0.6152845	
347	0.8731823	0.7092462	0.6550756	0.8723104	0.7826357	0.5685944	
348	0.831096	0.16540205	0.6830834	0.8860714	0.7197823	0.41089568	
349	0.66468537	0.48115128	0.6375849	0.923899	0.8023461	0.51729774	
350	0.5267753	0.9054106	0.6735795	0.8600979	0.7436086	0.639707	
351	0.44355866	0.10898199	0.8955442	0.7640806	0.78803766	0.48607627	
352	0.33814284	0.8745889	0.46396026	0.14205156	0.78482723	0.39694372	
353	0.42230672	0.12935305	0.63306427	0.38724673	0.7811768	0.23928398	
354	0.561378	0.16345839	0.8863198	0.6456052	0.8206708	0.2043738	
355	0.25627184	0.8235062	0.8618947	0.8690989	0.77176493	0.703455	
356	0.2879464	0.17816977	0.5167694	0.25027972	0.82516086	0.55920416	
357	0.514416	0.14978148	0.16498531	0.5271461	0.8282484	0.20950848	
358	0.4707739	0.89688396	0.2939482	0.65671104	0.8348443	0.508185	
359	0.35118142	0.16274914	0.38539338	0.38198814	0.79076874	0.7809663	
360	0.37788665	0.20157914	0.3538322	0.40302902	0.5939127	0.5274278	
361	0.4673498	0.6005792	0.34908295	0.6857069	0.79137135	0.5350486	
362	0.48669177	0.86976564	0.29860446	0.6424999	0.65398526	0.7942865	
363	0.62173146	0.18210115	0.36904258	0.3867264	0.47931355	0.6860397	
364	0.874952	0.43015054	0.3846627	0.46035802	0.66569996	0.4552369	
365	0.8946493	0.5776915	0.33729166	0.7411122	0.540364	0.421286	
366	0.9124672	0.12444362	0.24405763	0.29290104	0.516892	0.16353548	
367	0.86617357	0.35805622	0.3084388	0.62213945	0.8304215	0.7473658	
368	0.92314523	0.11943815	0.12879658	0.56608284	0.67640096	0.17289272	
369	0.8825251	0.1438121	0.6394336	0.120300576	0.77018684	0.6216353	
370	0.8776172	0.5200499	0.118440814	0.8421095	0.8570151	0.5559538	
371	0.85141844	0.10166352	0.16015856	0.16634451	0.79331297	0.784518	
372	0.9011785	0.12630685	0.20957579	0.19312698	0.85167193	0.1821154	
373	0.9140066	0.64643854	0.08900113	0.70946956	0.7735857	0.37914786	
374	0.74622095	0.56620723	0.11412943	0.84733903	0.8109158	0.75450027	
375	0.6221366	0.20640051	0.13478959	0.18359113	0.8714367	0.38032815	
376	0.8986087	0.4473598	0.13063276	0.5355495	0.79461634	0.21415856	
377	0.662966	0.6169092	0.102386825	0.87982476	0.64930946	0.52572477	
378	0.59464043	0.19658254	0.14825258	0.16189243	0.76692325	0.75548977	
379	0.8700219	0.21499422	0.13901578	0.37329462	0.74622405	0.309845	
380	0.91377044	0.88844967	0.1584965	0.18188596	0.5812619	0.5510491	
381	0.89111865	0.36630398	0.13951394	0.5599571	0.7452396	0.543913	
382	0.89625216	0.6010964	0.34744585	0.2721876	0.7782979	0.5090508	
383	0.90787166	0.41655797	0.63123566	0.896257	0.8037722	0.35057172	
384	0.81129366	0.89337504	0.52784514	0.8283854	0.7499594	0.20315161	
385	0.8610799	0.91013205	0.36142412	0.11026132	0.7059291	0.3015187	
386	0.5051429	0.4424302	0.5102375	0.61166835	0.6880328	0.7993374	
387	0.7485101	0.5819141	0.38664368	0.64121205	0.8641193	0.5333382	
388	0.6986039	0.89124984	0.4179517	0.6665905	0.7444551	0.60789305	
389	0.9393207	0.2653807	0.5892307	0.111611776	0.75043917	0.3019859	
390	0.90888643	0.59719676	0.43860906	0.4513464	0.6818294	0.6997809	
391	0.8955842	0.120431684	0.4059526	0.868704	0.54544955	0.46181086	
392	0.7279225	0.622819	0.49351767	0.76923656	0.66389024	0.4089388	
393	0.48613262	0.47029987	0.3211408	0.12089969	0.5472308	0.80952877	
394	0.535348	0.3166235	0.38214532	0.35393494	0.4720804	0.4123993	
395	0.67608607	0.08937317	0.39515364	0.5781497	0.5260037	0.4620472	
396	0.91771626	0.82231945	0.3822375	0.38273883	0.5374711	0.44007325	
397	0.9039316	0.41625547	0.3769736	0.8932712	0.58041227	0.6428976	
398	0.79329675	0.1814059	0.52928776	0.95436436	0.56495064	0.24549443	
399	0.6003491	0.6765515	0.46320727	0.92756665	0.5766026	0.31709158	
400	0.2975022	0.85324085	0.5909582	0.63408196	0.82161075	0.82270414	
401	0.45731524	0.88689786	0.5577316	0.3711685	0.83039904	0.34708393	
402	0.47461584	0.8804407	0.4531907	0.6520718	0.59041387	0.23433664	
403	0.6807042	0.3969932	0.70560265	0.16234615	0.76195055	0.220932	
404	0.759212	0.21328048	0.6635511	0.41363835	0.65873474	0.53292805	
405	0.9045428	0.11258466	0.61042213	0.5577886	0.6036932	0.3631465	
406	0.9089588	0.28342837	0.5036575	0.7138571	0.47169018	0.7602429	
407	0.8642957	0.4667291	0.524288	0.5778568	0.4767303	0.831437	
408	0.7237427	0.30249694	0.4768958	0.9127724	0.47067514	0.5385212	
409	0.58939934	0.5142747	0.49689874	0.9082556	0.48477668	0.5106424	
410	0.46246654	0.14567813	0.42320272	0.8855	0.28422323	0.6263536	
411	0.38635233	0.39186248	0.5035851	0.86914784	0.66015124	0.5647247	
412	0.17014053	0.75158167	0.48537856	0.69913346	0.5846136	0.4647535	
413	0.22103912	0.054705463	0.48597592	0.91062826	0.19206202	0.20220205	
414	0.25319844	0.58500993	0.9312274	0.45661885	0.3497958	0.5964042	
415	0.4655299	0.8886017	0.6580018	0.56803226	0.32896987	0.5868036	
416	0.60602105	0.30957082	0.6377776	0.2525003	0.29745185	0.34942234	
417	0.8757382	0.9198183	0.58705115	0.33600622	0.21178223	0.23112647	
418	0.7203479	0.12203291	0.70838445	0.7226942	0.3735484	0.39960167	
419	0.50190425	0.13554262	0.8279089	0.8172687	0.4350328	0.83801633	
420	0.46505493	0.87261075	0.64985114	0.1178282	0.32859007	0.47392076	
421	0.90066516	0.10999939	0.5878471	0.4303738	0.33202156	0.22413006	
422	0.83490664	0.48094094	0.46017244	0.36495012	0.4105204	0.5050008	
423	0.85628235	0.7938568	0.74699306	0.8954888	0.1980904	0.7280692	
424	0.90587276	0.5186139	0.7943767	0.17642936	0.20197965	0.56048805	
425	0.8699566	0.3695548	0.9054763	0.37118044	0.22938134	0.5653775	
426	0.86878854	0.112511456	0.68269676	0.85069627	0.4461455	0.8498497	
427	0.82493085	0.49361947	0.5878722	0.89088374	0.4025043	0.77230155	
428	0.8492401	0.339131	0.6442923	0.13129209	0.4579985	0.7473988	
429	0.92751104	0.8774375	0.7515314	0.67096776	0.35320932	0.43050328	
430	0.92547095	0.9056773	0.8722452	0.8102719	0.34003627	0.7181464	
431	0.90982175	0.37080038	0.57391846	0.1229402	0.4771147	0.18179847	
432	0.7013787	0.8700378	0.8320069	0.8444583	0.2896739	0.30369598	
433	0.63525605	0.36585805	0.8906435	0.16676097	0.4211525	0.3732835	
434	0.52539426	0.1443113	0.79870075	0.34177858	0.17737426	0.7545213	
435	0.38034278	0.5273387	0.067748666	0.32534364	0.21924485	0.36444402	
436	0.7300518	0.5989036	0.9263113	0.41214666	0.18261042	0.39986676	
437	0.85965294	0.12308321	0.8184907	0.1548361	0.17016193	0.17713003	
438	0.90282494	0.7834901	0.8341049	0.20373051	0.16818754	0.76836085	
439	0.87095606	0.6694675	0.53656816	0.9142536	0.18628344	0.42397594	
440	0.8128413	0.16878453	0.90504295	0.86183864	0.14868301	0.50947595	
441	0.65876174	0.29692596	0.60530764	0.80361277	0.14746569	0.5649818	
442	0.5471704	0.6324166	0.16349457	0.1038478	0.16320904	0.4255099	
443	0.73943424	0.83717555	0.39405763	0.32492888	0.14896283	0.17676245	
444	0.8780478	0.26949874	0.5868006	0.64691657	0.169441	0.1944973	
445	0.61516476	0.1722011	0.5935413	0.76552546	0.19046152	0.78851634	
446	0.5524102	0.8702946	0.37449738	0.16220392	0.14948817	0.5830033	
447	0.75376683	0.11134742	0.45269203	0.47848764	0.2231775	0.21361664	
448	0.71912175	0.2756629	0.51439214	0.7007296	0.3279671	0.5537477	
449	0.46917346	0.7939657	0.42048398	0.14040706	0.3521213	0.80736023	
450	0.7736231	0.8479753	0.41874915	0.38323218	0.30065024	0.3667899	
451	0.92443365	0.10393785	0.45364046	0.5474682	0.3050475	0.36185354	
452	0.7046589	0.2738855	0.4997844	0.65895057	0.40820712	0.8416496	
453	0.70567733	0.88096756	0.57955515	0.31482482	0.42401695	0.8270669	
454	0.90982515	0.081644155	0.45959586	0.8199534	0.28977147	0.7043851	
455	0.9098308	0.7926144	0.60562545	0.106682055	0.20142244	0.2886359	
456	0.9116002	0.123180725	0.66025025	0.86334276	0.17549612	0.48928162	
457	0.8226015	0.90525734	0.6001233	0.1312686	0.2317487	0.585134	
458	0.8580117	0.64381737	0.4973181	0.33066684	0.3047473	0.15534374	
459	0.8749321	0.15435658	0.41873038	0.53962886	0.17833786	0.79295796	
460	0.6855739	0.31795958	0.48544744	0.1004581	0.2539865	0.50665015	
461	0.86804086	0.13085102	0.4051797	0.22179179	0.1758759	0.20090953	
462	0.8893457	0.66827863	0.35016412	0.5166991	0.381843	0.45170164	
463	0.86190575	0.5539212	0.37219545	0.8873786	0.20119283	0.23927334	
464	0.8746612	0.29656062	0.4406598	0.91933966	0.32983068	0.39374986	
465	0.49517033	0.4067467	0.43084794	0.13334845	0.22542766	0.810578	
466	0.7163746	0.4309365	0.4947586	0.38514674	0.14150095	0.35217062	
467	0.825227	0.60436857	0.5178739	0.58840203	0.16126265	0.22019263	
468	0.907114	0.8584018	0.17013304	0.19848914	0.19039613	0.6220227	
469	0.8295345	0.67433715	0.56384736	0.70505357	0.2862631	0.43504766	
470	0.7264012	0.080961205	0.58528966	0.90619874	0.30167785	0.5696835	
471	0.52342457	0.40686703	0.49978456	0.8680563	0.28981623	0.5900482	
472	0.4706721	0.8659326	0.52894604	0.91582423	0.36895135	0.42760333	
473	0.35365352	0.13806915	0.6395125	0.92019737	0.22347508	0.46680748	
474	0.25332558	0.5834063	0.45651057	0.93070495	0.5970243	0.35081446	
475	0.25623372	0.9574091	0.82478637	0.50857854	0.21253823	0.29570535	
476	0.19688928	0.36572716	0.914132	0.61695737	0.5396189	0.4530624	
477	0.33172822	0.13551234	0.5833496	0.30259565	0.44285503	0.17078047	
478	0.5259201	0.35159674	0.84855914	0.71254796	0.65029204	0.35669017	
479	0.20404877	0.25835717	0.9133623	0.7921536	0.70951295	0.79104346	
480	0.24547431	0.10513099	0.89863116	0.27943063	0.6051082	0.502472	
481	0.4792136	0.15866834	0.8786327	0.46522328	0.6516325	0.25735486	
482	0.59764946	0.6061172	0.6553358	0.25223064	0.60303426	0.46412006	
483	0.789997	0.40822184	0.90943515	0.55344826	0.7402749	0.41748038	
484	0.8808328	0.885294	0.7936872	0.43591323	0.5068544	0.6312814	
485	0.9079432	0.8795989	0.85395026	0.14917149	0.5195618	0.80966645	
486	0.8462637	0.5848527	0.80492115	0.12158715	0.63013315	0.6708169	
487	0.89331067	0.803847	0.7729509	0.85009205	0.4763318	0.84364134	
488	0.9294941	0.45580766	0.831626	0.26551983	0.5541591	0.54200965	
489	0.85326517	0.3978136	0.8795953	0.3096645	0.5436903	0.8142545	
490	0.87454855	0.3323129	0.10067066	0.12228917	0.48980188	0.6907618	
491	0.91361535	0.108752474	0.13200806	0.39771634	0.41819552	0.6482177	
492	0.8557846	0.65609145	0.900024	0.121031635	0.41605967	0.40175307	
493	0.67251766	0.89351	0.90106475	0.8272067	0.34053203	0.6038481	
494	0.50251716	0.5872843	0.90506786	0.08793238	0.6123254	0.3206784	
495	0.7712765	0.64504427	0.8949308	0.3353841	0.5206393	0.20444669	
496	0.6279461	0.353046	0.09129848	0.32413113	0.4626413	0.6293738	
497	0.87922555	0.67274296	0.90855116	0.66991395	0.4214966	0.22367346	
498	0.8795069	0.09215798	0.8996357	0.15084377	0.5770182	0.4181612	
499	0.8186535	0.53456277	0.9634056	0.48864666	0.335807	0.6878651	
500	0.8957473	0.9159537	0.6827426	0.10799993	0.8331473	0.74500924	
501	0.7515928	0.112518944	0.9039683	0.9016284	0.73224586	0.7512656	
502	0.8699644	0.61808884	0.8648293	0.71376216	0.8337126	0.3814091	
503	0.40881208	0.7161386	0.6795612	0.72473204	0.72177047	0.53997564	
504	0.4755333	0.36254	0.828932	0.17364724	0.74207896	0.6392018	
505	0.66989994	0.86517733	0.89519024	0.4238443	0.54276764	0.55696857	
506	0.8737733	0.24661429	0.8897061	0.113652416	0.6070533	0.1497529	
507	0.6814457	0.88955116	0.8717596	0.6919094	0.54668534	0.6132219	
508	0.5873428	0.4061316	0.13092022	0.12300323	0.6175789	0.27021143	
509	0.49237216	0.85394573	0.8481471	0.84579563	0.37170786	0.36679977	
510	0.44441476	0.36031368	0.16153534	0.21679358	0.4194598	0.34627762	
511	0.37814817	0.14908293	0.11271284	0.4178518	0.3164451	0.6780547	
512	0.5008802	0.15381187	0.03878566	0.5611359	0.1563971	0.5439119	
513	0.56078726	0.5986736	0.098326765	0.4957431	0.40937072	0.56794035	
514	0.81802946	0.13054167	0.13965549	0.44195962	0.24073195	0.20416373	
515	0.52919143	0.80636764	0.89471817	0.35288855	0.24714416	0.81751686	
516	0.7263293	0.9145873	0.9207932	0.5257093	0.20120165	0.5322956	
517	0.9057286	0.1511821	0.10417887	0.89266926	0.35322693	0.34587345	
518	0.92049056	0.7559727	0.8333724	0.852183	0.1847282	0.3258621	
519	0.5420097	0.1265909	0.10171185	0.8071294	0.21286899	0.6779598	
520	0.5061766	0.48423588	0.9015396	0.8833508	0.17954203	0.6984901	
521	0.34919754	0.14752395	0.75005955	0.13357358	0.2639064	0.40198502	
522	0.70372576	0.33990344	0.9000524	0.37915242	0.1985832	0.21076508	
523	0.6031549	0.40019652	0.8454058	0.6335066	0.26914492	0.39517137	
524	0.44171268	0.33579987	0.7244217	0.86048186	0.28375146	0.7959368	
525	0.48910657	0.91604644	0.7477684	0.37697718	0.20217687	0.33318537	
526	0.69416827	0.12882335	0.85107976	0.56393266	0.19064572	0.33478403	
527	0.70686996	0.47993872	0.692983	0.6733104	0.3244616	0.5789828	
528	0.5275505	0.9038926	0.55395246	0.27562535	0.19872576	0.7218479	
529	0.8027335	0.10201645	0.6586845	0.47431204	0.17888045	0.5080617	
530	0.9102107	0.29047197	0.61648893	0.6119522	0.2738599	0.53994596	
531	0.89343065	0.67624617	0.65516794	0.6097784	0.3656273	0.8052408	
532	0.86951995	0.864867	0.646385	0.43777296	0.23609851	0.79645336	
533	0.9154216	0.13880804	0.6665553	0.11785169	0.35788614	0.4796345	
534	0.84746176	0.07894727	0.8070836	0.14606223	0.48210147	0.65272444	
535	0.896189	0.8467741	0.8683906	0.20229077	0.17975263	0.2731247	
536	0.74236786	0.29305965	0.9053729	0.90445876	0.48461783	0.5110605	
537	0.5833722	0.91651535	0.8420924	0.12680644	0.2447372	0.5594895	
538	0.9081353	0.9386486	0.5148572	0.50426614	0.36200044	0.39143685	
539	0.91777295	0.52445143	0.7280064	0.42528597	0.41351506	0.5617424	
540	0.90712434	0.09694662	0.72291225	0.11357327	0.2230866	0.77338237	
541	0.88682497	0.42313883	0.49920124	0.1361847	0.21978904	0.73845786	
542	0.9107607	0.22489406	0.52408797	0.15565039	0.16340245	0.50195664	
543	0.80080414	0.4038329	0.6325733	0.75235575	0.21327457	0.37795943	
544	0.5372045	0.6072967	0.7042448	0.13724546	0.18830568	0.8360572	
545	0.7703573	0.58918905	0.6908017	0.3710139	0.19146715	0.27915767	
546	0.8759966	0.84443676	0.8656252	0.56572163	0.14797421	0.23544656	
547	0.8980386	0.27146795	0.0859786	0.35297945	0.17118794	0.80977327	
548	0.90306884	0.85637283	0.31613052	0.84210783	0.84013873	0.49472585	
549	0.7961026	0.21988787	0.39933696	0.92177653	0.8405422	0.49535555	
550	0.53830796	0.6368167	0.36922082	0.9120555	0.7670363	0.7300512	
551	0.5136439	0.85341305	0.47199953	0.8486812	0.8045173	0.37151936	
552	0.44505525	0.19716382	0.35710812	0.8713143	0.6252524	0.4161911	
553	0.2213607	0.5798007	0.39977086	0.84662265	0.75342757	0.7507996	
554	0.30186343	0.75962144	0.5856244	0.6900241	0.3650186	0.10451911	
555	0.26854536	0.95581466	0.49797425	0.81754047	0.29868874	0.21295868	
556	0.2124141	0.76394784	0.8102667	0.4227745	0.2431694	0.22525916	
557	0.54882175	0.6344884	0.8908799	0.34416986	0.2234944	0.15149058	
558	0.44309086	0.77584124	0.85977095	0.50278944	0.22645587	0.45935577	
559	0.37101594	0.14564535	0.3066391	0.78276765	0.1946348	0.8078823	
560	0.29771563	0.43189514	0.26635543	0.32085434	0.46633232	0.7768031	
561	0.5329531	0.6867633	0.093266115	0.50225186	0.20645395	0.36408493	
562	0.6878845	0.42844662	0.32454577	0.2690903	0.27697656	0.311992	
563	0.8705582	0.096745834	0.11449242	0.58150977	0.17541699	0.42487982	
564	0.82220745	0.49480793	0.08520152	0.4915626	0.34483752	0.6626168	
565	0.87880874	0.8847747	0.14974718	0.099253	0.40416124	0.79615164	
566	0.6648751	0.36351272	0.12799565	0.1957677	0.24732244	0.83837646	
567	0.89670944	0.57956904	0.1295902	0.73709965	0.17433839	0.766799	
568	0.8745465	0.13384357	0.18284301	0.31444597	0.16547418	0.54980266	
569	0.8315718	0.1911329	0.88878727	0.09958464	0.35171664	0.82896405	
570	0.900172	0.13310988	0.7394872	0.3959012	0.25271273	0.77695316	
571	0.8409841	0.83502454	0.818687	0.093311355	0.1751364	0.51668054	
572	0.72743225	0.649797	0.73178166	0.32440424	0.32738322	0.6457283	
573	0.91485524	0.39676577	0.8259793	0.093976066	0.39646092	0.4185751	
574	0.9061561	0.38656253	0.8971438	0.89637125	0.3801933	0.5692006	
575	0.78813463	0.32687688	0.88383436	0.075093254	0.1982941	0.49066854	
576	0.9147701	0.5239198	0.8573343	0.46512577	0.3806144	0.16965133	
577	0.85869133	0.6284324	0.8047442	0.9133932	0.38499436	0.27011302	
578	0.6758382	0.4080895	0.7928505	0.9020652	0.22456357	0.55660903	
579	0.5815627	0.2992729	0.8859745	0.1912145	0.15264076	0.3873246	
580	0.8321411	0.39885798	0.5965581	0.40747842	0.25766933	0.13904038	
581	0.6522267	0.8598548	0.6150132	0.1716994	0.18167202	0.36021683	
582	0.86542124	0.08553552	0.91235954	0.4982216	0.35658813	0.303872	
583	0.7573641	0.59844583	0.6379343	0.24507216	0.39115286	0.38024887	
584	0.8205794	0.2757999	0.9158321	0.5564854	0.24778348	0.64344466	
585	0.74679166	0.8497846	0.15922329	0.85674715	0.16273424	0.80142325	
586	0.8485878	0.28441623	0.118892066	0.91160214	0.15061559	0.5138184	
587	0.484455	0.11350618	0.27919677	0.16145892	0.1363011	0.5156215	
588	0.578639	0.56227946	0.121203594	0.57999724	0.24219276	0.8164534	
589	0.7976721	0.5283188	0.84642774	0.58322364	0.14687872	0.18872488	
590	0.6452742	0.4648446	0.79050344	0.686567	0.15981352	0.75137305	
591	0.7940434	0.6435391	0.631261	0.87588865	0.209701	0.14534822	
592	0.5004538	0.13689573	0.7988539	0.9348986	0.20084777	0.6624804	
593	0.47457847	0.5161654	0.756249	0.7969046	0.3782584	0.36126408	
594	0.36878774	0.5159052	0.7193809	0.20071538	0.44993156	0.7373568	
595	0.51388144	0.7821233	0.63197756	0.37503657	0.4209383	0.43253615	
596	0.5226744	0.1111469	0.8171901	0.5464376	0.32124296	0.6269993	
597	0.6750477	0.42927778	0.7208534	0.26475886	0.41274604	0.21795365	
598	0.42318046	0.27529785	0.7978262	0.26383716	0.4455028	0.68818647	
599	0.6969809	0.41091833	0.86953336	0.5278537	0.47781488	0.54789865	
600	0.9307114	0.9117281	0.8636587	0.39352968	0.4314427	0.36509264	
601	0.9271524	0.27704898	0.86289495	0.5432918	0.5253966	0.56013	
602	0.9299108	0.36164823	0.83003694	0.8529211	0.6609019	0.48396644	
603	0.69772464	0.89315325	0.7340662	0.89105844	0.5668978	0.41193137	
604	0.57661325	0.0938083	0.87677854	0.9064636	0.6292133	0.43933418	
605	0.47356638	0.65334857	0.9030746	0.9070474	0.5795477	0.5657604	
606	0.37850747	0.9059619	0.8438377	0.8872798	0.5714867	0.556248	
607	0.22480744	0.85926485	0.82641995	0.2439906	0.76767486	0.4731706	
608	0.5216268	0.8163865	0.6332689	0.7578249	0.7418697	0.17218485	
609	0.45696092	0.878452	0.92507476	0.5249082	0.41500345	0.36233348	
610	0.20029546	0.10979268	0.15418163	0.7376709	0.47062975	0.70186216	
611	0.3107071	0.53229994	0.88855237	0.30046093	0.81115806	0.5369981	
612	0.46258047	0.7020471	0.89665663	0.66725314	0.7704076	0.46721172	
613	0.40795454	0.9212773	0.14838654	0.76736253	0.4441952	0.5636666	
614	0.3396394	0.3114901	0.13562275	0.49329814	0.6665574	0.742135	
615	0.53790563	0.7508687	0.14099614	0.3957056	0.82190037	0.45219907	
616	0.7007882	0.8985863	0.14237571	0.5263401	0.63185024	0.59023404	
617	0.6157737	0.14683971	0.08886953	0.6024224	0.56889874	0.6861309	
618	0.58953226	0.3150109	0.15858017	0.46660703	0.83807904	0.62526923	
619	0.8715993	0.6057464	0.11286654	0.40737653	0.7919479	0.48987046	
620	0.91826886	0.85569775	0.17729343	0.6176508	0.5680962	0.3886498	
621	0.86096686	0.8343967	0.10177913	0.7464201	0.5282371	0.8130776	
622	0.82939845	0.52342284	0.8513178	0.10086367	0.697088	0.42653874	
623	0.8342563	0.74215525	0.9183198	0.9321817	0.46328267	0.5612998	
624	0.5783144	0.56490326	0.90232146	0.1105146	0.48387966	0.7026672	
625	0.86467457	0.56001574	0.1221618	0.1299603	0.59086716	0.14735623	
626	0.7617545	0.87251073	0.10539481	0.63016135	0.5334232	0.16600844	
627	0.7077884	0.88046664	0.1096246	0.86144966	0.4752756	0.44788837	
628	0.4215369	0.72241384	0.08076635	0.9169403	0.40125224	0.5465273	
629	0.6909825	0.6124788	0.10204391	0.15590669	0.6858315	0.3918843	
630	0.89999795	0.84836006	0.12555987	0.62218124	0.3330703	0.2601287	
631	0.6736716	0.86912125	0.07605962	0.8019773	0.34659952	0.6671788	
632	0.45565435	0.6017469	0.16517352	0.1459107	0.41504702	0.5548094	
633	0.5127491	0.6091045	0.25441056	0.35138735	0.5025018	0.3575344	
634	0.72676367	0.21430612	0.13569285	0.41596776	0.36144677	0.45410645	
635	0.9072411	0.5389697	0.13049375	0.46272975	0.48917612	0.44470927	
636	0.91050065	0.15071523	0.8984603	0.20540969	0.66922724	0.6959459	
637	0.8960779	0.844052	0.8078541	0.86407924	0.5609383	0.15569039	
638	0.88487273	0.64378005	0.67749244	0.887646	0.70788693	0.17150003	
639	0.6996893	0.32803994	0.85331684	0.89290005	0.72717726	0.25846422	
640	0.6011085	0.66327655	0.86056566	0.84886044	0.76475555	0.7894422	
641	0.7229288	0.12817729	0.92272145	0.5142744	0.6960485	0.5354378	
642	0.6986816	0.10661526	0.13024403	0.6031738	0.7763738	0.41881025	
643	0.8564559	0.7176794	0.9106232	0.1392486	0.8459737	0.26686913	
644	0.87254703	0.9022533	0.09172947	0.8568281	0.80444884	0.3891198	
645	0.6734557	0.8816425	0.13314706	0.8663446	0.73699665	0.74426574	
646	0.56259626	0.8897394	0.8661096	0.37162596	0.79668754	0.44163093	
647	0.9172811	0.6630055	0.8714962	0.46169364	0.7998755	0.42935187	
648	0.8989508	0.18269776	0.817915	0.7827362	0.82717204	0.61240864	
649	0.6753771	0.6716316	0.7488815	0.8970569	0.8214924	0.29992196	
650	0.4658335	0.28330657	0.7252062	0.86224043	0.83306783	0.40034738	
651	0.27236003	0.5140531	0.7092804	0.86921775	0.82938534	0.72903335	
652	0.3824248	0.2579993	0.89292216	0.25740677	0.7931877	0.25583485	
653	0.5873536	0.62555504	0.8412332	0.5847491	0.7658734	0.20551665	
654	0.6419235	0.088840984	0.8419815	0.26879534	0.7789166	0.14455493	
655	0.6504032	0.8074442	0.66175973	0.37198678	0.70708823	0.65014297	
656	0.92641354	0.8649123	0.67106235	0.51262194	0.7017912	0.37213004	
657	0.9195214	0.8910304	0.74969953	0.8812845	0.5874752	0.6232478	
658	0.8288464	0.08467982	0.84170276	0.40013316	0.79239994	0.7086135	
659	0.87953734	0.8338057	0.4631224	0.8303893	0.21926989	0.80828834	
660	0.7653066	0.10699491	0.34344667	0.6903775	0.18434992	0.5568763	
661	0.6871137	0.5275931	0.47320613	0.8878191	0.39211679	0.33610767	
662	0.5355252	0.9022488	0.5272372	0.82993096	0.2022259	0.78953624	
663	0.60091054	0.3349885	0.33020613	0.88510275	0.24821144	0.2048697	
664	0.44102028	0.3183692	0.5750175	0.85453147	0.48568597	0.3518021	
665	0.212783	0.7554332	0.42319024	0.81070733	0.22584453	0.24844669	
666	0.18661125	0.35391966	0.93107635	0.5671656	0.36550832	0.3113145	
667	0.1643328	0.4690293	0.71742153	0.6447544	0.5746894	0.52069867	
668	0.17536505	0.75405514	0.6845438	0.49627194	0.43915302	0.5965999	
669	0.3169064	0.0721255	0.74378747	0.49946535	0.29011798	0.44789407	
670	0.42056093	0.34971058	0.8818071	0.4952201	0.36141002	0.50316024	
671	0.7032795	0.9014721	0.76676744	0.30848143	0.3475922	0.18110235	
672	0.6419104	0.38901696	0.67916167	0.37085497	0.46082157	0.5824937	
673	0.9249865	0.7899088	0.9282929	0.47066402	0.2932142	0.5796856	
674	0.8720028	0.514632	0.7967813	0.3019635	0.30422148	0.83574533	
675	0.66688335	0.90651983	0.78961825	0.11972601	0.34315005	0.79669106	
676	0.84747833	0.6822631	0.6538551	0.08924082	0.37662923	0.16643001	
677	0.5806852	0.09622888	0.9044071	0.86697495	0.47665572	0.62877095	
678	0.5281609	0.76703835	0.8137662	0.23821636	0.4837043	0.54926085	
679	0.7678613	0.7945331	0.69596976	0.5258359	0.5234017	0.13242319	
680	0.9306444	0.14914966	0.8296448	0.6899394	0.49439088	0.3848499	
681	0.6033437	0.88379526	0.76981777	0.9097161	0.45909303	0.8115468	
682	0.87029105	0.7710195	0.8795204	0.32769898	0.6093601	0.4083331	
683	0.8910292	0.9150733	0.8461449	0.61733174	0.53413284	0.25900465	
684	0.75149435	0.10453551	0.8176221	0.6713968	0.66159827	0.796727	
685	0.506714	0.62800187	0.8880625	0.30186358	0.73261184	0.8150564	
686	0.9011583	0.8137669	0.8502551	0.4419923	0.8421323	0.21299703	
687	0.91875315	0.09821809	0.91701853	0.63235795	0.7054086	0.4456507	
688	0.8671117	0.10328537	0.20956075	0.8644268	0.6022319	0.8095824	
689	0.823962	0.7636443	0.91319937	0.4565595	0.75424653	0.75684696	
690	0.8747581	0.85932624	0.11996651	0.87456137	0.6089781	0.58425206	
691	0.83455414	0.12296238	0.08252743	0.868188	0.76096076	0.22377688	
692	0.5477311	0.44865042	0.16416925	0.1326557	0.8152554	0.58253086	
693	0.663345	0.16579977	0.095473535	0.29482287	0.64795184	0.4801778	
694	0.8848406	0.63100904	0.099839255	0.57658565	0.5364544	0.2257692	
695	0.86649793	0.13299926	0.0702137	0.11089622	0.63608235	0.2900057	
696	0.88365287	0.6158214	0.10500431	0.5953395	0.7115937	0.7793274	
697	0.8660724	0.9037976	0.1275334	0.37223455	0.5138589	0.82550555	
698	0.8443358	0.1429577	0.913311	0.8032002	0.4631643	0.16519338	
699	0.8536259	0.91042614	0.84154785	0.14288859	0.38780296	0.3465682	
700	0.8306349	0.6122156	0.8563748	0.08170131	0.54815936	0.15166809	
701	0.9133752	0.43932718	0.8777969	0.8338896	0.4998266	0.19209966	
702	0.5770266	0.1371192	0.07334587	0.85341585	0.5323703	0.37327018	
703	0.55449826	0.83926725	0.9010296	0.11205842	0.47745886	0.25374806	
704	0.6005126	0.5650788	0.878141	0.9004299	0.586432	0.16092001	
705	0.5946926	0.12787323	0.097021684	0.7220235	0.64549685	0.16155508	
706	0.38031957	0.09842347	0.12324037	0.86399645	0.60285455	0.53685325	
707	0.37689313	0.8955942	0.87402046	0.12906152	0.5403738	0.45470536	
708	0.5180556	0.9129809	0.84061825	0.47070056	0.8105167	0.17214635	
709	0.2566702	0.27961487	0.12765469	0.2210112	0.7470008	0.30981427	
710	0.5022492	0.828175	0.1220961	0.63981384	0.4554077	0.30107623	
711	0.5928953	0.10117674	0.14333366	0.21104154	0.53204185	0.17080319	
712	0.5140427	0.83255994	0.0915558	0.39857304	0.51234925	0.75259024	
713	0.9033737	0.34832767	0.085417636	0.4490131	0.5042966	0.24064021	
714	0.90414375	0.8956771	0.11596296	0.4306853	0.49390084	0.5724081	
715	0.9216814	0.23422262	0.7606127	0.86609304	0.6501191	0.8307252	
716	0.5917032	0.117219895	0.7371336	0.15463753	0.7999375	0.7974023	
717	0.90614396	0.56814367	0.6318796	0.6918638	0.6091292	0.31313005	
718	0.5570327	0.3975693	0.6640265	0.84651756	0.6124593	0.80757797	
719	0.8134689	0.8753893	0.60382986	0.7132466	0.4924963	0.31501368	
720	0.66507024	0.6891432	0.6726086	0.7149248	0.4969682	0.50283885	
721	0.4016126	0.60563886	0.57856095	0.08721299	0.5858883	0.5300515	
722	0.4369838	0.12017896	0.8387658	0.52148885	0.5918512	0.725529	
723	0.51005983	0.13004111	0.9018785	0.8505123	0.61097884	0.19535545	
724	0.2581024	0.073452435	0.85700595	0.9033785	0.6929996	0.66927594	
725	0.43395418	0.44637588	0.880026	0.8332622	0.7764178	0.18335325	
726	0.37014621	0.8694054	0.12684636	0.808327	0.7315411	0.542759	
727	0.46350816	0.17258286	0.34662354	0.159582	0.7575273	0.23438565	
728	0.24997382	0.08512667	0.25269175	0.12892668	0.3978291	0.36763307	
729	0.4103317	0.31581035	0.16029581	0.6958456	0.6512425	0.2321292	
730	0.25492606	0.55962455	0.065717086	0.5055622	0.6159514	0.6839651	
731	0.4811201	0.49684298	0.15297341	0.8577791	0.46103397	0.167696	
732	0.24498476	0.91335416	0.22821125	0.22149944	0.38873434	0.58217186	
733	0.61360955	0.8929116	0.24024616	0.64694613	0.19937684	0.44052154	
734	0.66560316	0.48520884	0.09293466	0.38704678	0.36878532	0.34906867	
735	0.7997308	0.8015845	0.089889854	0.4929314	0.32698673	0.4656098	
736	0.9260598	0.90664	0.35015887	0.83613175	0.3905938	0.38511464	
737	0.91672784	0.4209031	0.11077509	0.8578135	0.50837827	0.39782968	
738	0.5924465	0.87808317	0.16100477	0.9111138	0.20294523	0.46727437	
739	0.37516335	0.16034485	0.13370277	0.7547587	0.3631002	0.27278793	
740	0.43598688	0.4885935	0.27950677	0.8893339	0.26336515	0.7972983	
741	0.21692339	0.4021627	0.23479256	0.22403978	0.38140085	0.35989314	
742	0.7705801	0.6843832	0.29205224	0.6693389	0.3738415	0.35883307	
743	0.4783628	0.79708314	0.18984455	0.7781483	0.21536437	0.73588526	
744	0.47003016	0.24502952	0.35925278	0.5068551	0.2353936	0.7883702	
745	0.56279635	0.63180804	0.3279653	0.34005558	0.28729305	0.18368915	
746	0.6917963	0.4761149	0.3075795	0.73412067	0.20754984	0.34277573	
747	0.5519846	0.42545095	0.9543728	0.50442713	0.26229927	0.6797643	
748	0.54774815	0.6258224	0.52776825	0.36846694	0.21472664	0.7942416	
749	0.8871896	0.47603172	0.34106186	0.5916124	0.15958034	0.39281338	
750	0.9069709	0.35466108	0.152314	0.62729543	0.17502165	0.62052715	
751	0.8649864	0.50820774	0.66023386	0.50104856	0.18003468	0.8165513	
752	0.8641648	0.7216149	0.5638798	0.39551747	0.14132929	0.54114574	
753	0.8740575	0.12817055	0.8237326	0.65077084	0.16032963	0.7916179	
754	0.80110645	0.69945157	0.12128196	0.1036934	0.36099875	0.57307833	
755	0.8898655	0.3032269	0.15980752	0.08927724	0.20610325	0.46890405	
756	0.675612	0.55054736	0.10574586	0.895296	0.27897295	0.65163964	
757	0.60764927	0.3799651	0.14457391	0.12381185	0.26667655	0.59902793	
758	0.88360256	0.30347848	0.10617796	0.6225124	0.30081466	0.20544697	
759	0.91019964	0.539201	0.86714953	0.9054296	0.16864662	0.5046791	
760	0.45542976	0.33533412	0.8498071	0.09656422	0.20794453	0.7200606	
761	0.69158757	0.11002861	0.8375227	0.20212801	0.29773453	0.2558748	
762	0.9051403	0.4159842	0.74766237	0.734115	0.24898924	0.17382269	
763	0.7212119	0.21415697	0.8331987	0.84719217	0.26687226	0.8073395	
764	0.58101064	0.0956888	0.6606093	0.15944295	0.17429811	0.5244366	
765	0.84874547	0.1354783	0.73030394	0.39333522	0.14850397	0.179886	
766	0.9119103	0.6331286	0.86584795	0.44776788	0.24606574	0.43448943	
767	0.8765647	0.10146776	0.90455216	0.5620949	0.20402806	0.52880937	
768	0.8933343	0.50399476	0.1689304	0.16044874	0.45768836	0.4241767	
769	0.88256115	0.12491701	0.14551453	0.8379475	0.18091604	0.17788655	
770	0.64836234	0.12071112	0.17176795	0.40935063	0.3142264	0.8268898	
771	0.84748185	0.7130284	0.11120605	0.7508547	0.16546956	0.5083127	
772	0.87450486	0.9015849	0.108058214	0.4537135	0.14226094	0.32966217	
773	0.92848474	0.10605332	0.16415568	0.8603648	0.2254447	0.7292994	
774	0.9089622	0.8857668	0.38201723	0.86921245	0.19066994	0.5522261	
775	0.65490735	0.115248755	0.30212677	0.86796916	0.21742249	0.7951691	
776	0.6205443	0.91434723	0.29959932	0.11805128	0.321714	0.26043013	
777	0.922684	0.28209236	0.3169019	0.75214326	0.1699358	0.38383016	
778	0.89603823	0.68276715	0.3120021	0.23851757	0.39327222	0.22034843	
779	0.6365778	0.45695838	0.41302505	0.37526417	0.48959357	0.77935654	
780	0.90087247	0.6514577	0.10889172	0.30431983	0.37895352	0.76818186	
781	0.88268304	0.4458267	0.29224443	0.8884778	0.2832089	0.7611352	
782	0.8984866	0.87739635	0.35563818	0.58858645	0.16135706	0.56505936	
783	0.8665079	0.2178996	0.43371698	0.8686871	0.2438498	0.15833919	
784	0.5494413	0.5752945	0.54472953	0.83162844	0.19348162	0.80326277	
785	0.8746996	0.8888046	0.51952827	0.8621721	0.24783291	0.18700309	
786	0.6206894	0.18760139	0.4558811	0.72685605	0.19048688	0.3456735	
787	0.5039734	0.6553019	0.3551911	0.8946085	0.16911833	0.2409904	
788	0.21850349	0.37490833	0.58884734	0.9253045	0.44714457	0.48426634	
789	0.18966156	0.6301845	0.75194806	0.44224298	0.34326783	0.28151774	
790	0.3022602	0.7600172	0.6902407	0.58502185	0.10454305	0.3643794	
791	0.21654281	0.34923452	0.10065502	0.60322076	0.17151353	0.6174031	
792	0.1826042	0.40734014	0.14118926	0.63859713	0.41172537	0.5511894	
793	0.5238608	0.21184874	0.85744923	0.4873656	0.30889848	0.17477037	
794	0.6609664	0.7874477	0.8914256	0.36697435	0.32725132	0.40380552	
795	0.687657	0.11144407	0.88090324	0.50625575	0.41660562	0.51732105	
796	0.83164436	0.8376254	0.91151935	0.47158465	0.34672874	0.18894452	
797	0.83829725	0.13207214	0.91175324	0.67994833	0.45342338	0.6712779	
798	0.7869714	0.31629407	0.077964716	0.8619432	0.51927435	0.17091389	
799	0.41834897	0.8735059	0.73821175	0.13128346	0.4523028	0.78431386	
800	0.5927914	0.611293	0.14507817	0.4303101	0.7651423	0.75325793	
801	0.89181465	0.6420072	0.8983348	0.8459055	0.7386968	0.61857754	
802	0.9075474	0.8906327	0.8671464	0.87657094	0.41982135	0.38470402	
803	0.47105742	0.09956877	0.8537072	0.09902122	0.5521977	0.66886413	
804	0.8526703	0.08292998	0.7867513	0.27436727	0.48538834	0.22423191	
805	0.71056056	0.3798334	0.88030195	0.7474338	0.56281734	0.229923	
806	0.41343173	0.24506235	0.9034653	0.86996853	0.652173	0.6510557	
807	0.47524458	0.09718613	0.82407314	0.20219228	0.49213585	0.3670303	
808	0.6775247	0.29981005	0.790442	0.5834633	0.5693437	0.11587052	
809	0.6521205	0.25082967	0.88806427	0.70333165	0.6256595	0.5075242	
810	0.23743075	0.19894648	0.8222952	0.13340777	0.6347879	0.8150901	
811	0.60728246	0.094412655	0.79106915	0.3605078	0.67267346	0.40363872	
812	0.89386755	0.3062591	0.7391601	0.57950884	0.7630667	0.34731632	
813	0.49629512	0.42768142	0.80086607	0.72042185	0.69634855	0.6551635	
814	0.43245032	0.15965213	0.54667765	0.20417798	0.5985323	0.7812078	
815	0.8743197	0.21606272	0.6474938	0.38069573	0.61278164	0.16729125	
816	0.92937374	0.37668782	0.6568175	0.5845929	0.55878896	0.42778224	
817	0.7320254	0.7950248	0.5554238	0.5854832	0.69190294	0.79555875	
818	0.91218156	0.10016398	0.65152955	0.4279764	0.55204535	0.7255949	
819	0.83857346	0.40803847	0.4899736	0.89715904	0.7756932	0.81090057	
820	0.73485893	0.9113384	0.5112979	0.9223881	0.52893186	0.2054543	
821	0.7547694	0.12498787	0.5629286	0.10458954	0.464849	0.5514575	
822	0.64928615	0.86708826	0.35176516	0.34469056	0.46377498	0.4468584	
823	0.90352964	0.28301775	0.5000941	0.7462313	0.58849144	0.3495802	
824	0.75502104	0.5484084	0.4647573	0.058254518	0.68575555	0.32890528	
825	0.6448116	0.1498155	0.574759	0.54184115	0.75677276	0.74866396	
826	0.80289495	0.7845102	0.46047643	0.22725563	0.81830645	0.13424	
827	0.8067197	0.59133494	0.5000146	0.46651417	0.84352875	0.8439802	
828	0.91253936	0.8772985	0.117543414	0.5694349	0.8128588	0.55663186	
829	0.8768192	0.11541664	0.26705635	0.1549194	0.82566464	0.46656138	
830	0.9212664	0.6728865	0.13912839	0.8606828	0.65871686	0.18413809	
831	0.70334655	0.8643667	0.8521543	0.106394224	0.68206936	0.2945338	
832	0.89020723	0.47943938	0.8834565	0.86783844	0.7934075	0.17709793	
833	0.6146199	0.13542493	0.12506603	0.85257614	0.80801755	0.5098765	
834	0.55891573	0.16946769	0.83627886	0.070610486	0.7049825	0.30100334	
835	0.4978603	0.83535624	0.84412163	0.18075866	0.77022135	0.17111848	
836	0.6523704	0.4364568	0.56368524	0.7474423	0.80343336	0.16301273	
837	0.23742622	0.17459913	0.16206233	0.78991187	0.8189188	0.71466875	
838	0.22005919	0.14259687	0.69737256	0.09838322	0.7092092	0.45302105	
839	0.58419544	0.3037822	0.7150026	0.535927	0.8147245	0.18158771	
840	0.4526329	0.57265496	0.61272943	0.6974529	0.79912597	0.29148364	
841	0.23738576	0.89523745	0.46667087	0.8814623	0.7822754	0.57886416	
842	0.17225228	0.4080915	0.66796315	0.16794388	0.54940087	0.40555754	
843	0.5242732	0.33861968	0.4829282	0.464912	0.62867767	0.24491517	
844	0.49278712	0.14591667	0.5779418	0.039990366	0.5512892	0.16068216	
845	0.43983796	0.49856672	0.594182	0.6908846	0.57149094	0.45331413	
846	0.47623146	0.9030348	0.22134146	0.12830593	0.68916965	0.229574	
847	0.24382466	0.6064806	0.4771945	0.45863566	0.6353791	0.65023	
848	0.726037	0.090316765	0.48359534	0.44548348	0.7506173	0.20285411	
849	0.5223611	0.8574276	0.4630909	0.394549	0.84229857	0.65691227	
850	0.91053253	0.23048201	0.44315875	0.36818683	0.821236	0.23253116	
851	0.886415	0.5495312	0.53939146	0.11145634	0.6978873	0.778644	
852	0.88240093	0.4590869	0.59857106	0.21758041	0.78130054	0.50467575	
853	0.84912837	0.109708115	0.53043187	0.8036607	0.7821657	0.73957473	
854	0.87029564	0.22763062	0.6046427	0.47151938	0.79237634	0.8211479	
855	0.90456176	0.89827967	0.6927272	0.70530367	0.7828707	0.7915695	
856	0.8893265	0.33806375	0.7614246	0.21470861	0.7586865	0.8314516	
857	0.8798713	0.84011114	0.8493622	0.108877	0.6441149	0.5573159	
858	0.8502419	0.5487815	0.81849277	0.6232821	0.67927843	0.8359446	
859	0.8860621	0.83786327	0.75632995	0.35502768	0.8098736	0.8180139	
860	0.91084385	0.613709	0.7561518	0.8897749	0.5893299	0.7506598	
861	0.9075392	0.08669978	0.7014399	0.8598104	0.5613015	0.18239081	
862	0.6214132	0.35080177	0.63332	0.12388229	0.59766364	0.77949476	
863	0.8763787	0.83166987	0.6489902	0.68544567	0.33060074	0.16053773	
864	0.6274211	0.88832575	0.8069451	0.65237117	0.28837022	0.8125829	
865	0.87664825	0.13139938	0.80708766	0.76675665	0.21427211	0.20666993	
866	0.55699635	0.10328681	0.85369587	0.84034294	0.30423257	0.32624552	
867	0.302691	0.87921214	0.7264781	0.07538336	0.2368764	0.34064302	
868	0.39441565	0.45002767	0.89835984	0.60988754	0.44854674	0.79066724	
869	0.712011	0.56706357	0.6908737	0.7706806	0.4961074	0.21079543	
870	0.549111	0.6205293	0.6720817	0.65580267	0.4687806	0.84154004	
871	0.37950984	0.41342506	0.64030063	0.53534085	0.4496055	0.1296597	
872	0.42186266	0.5591737	0.6890267	0.56068695	0.44934687	0.6073808	
873	0.8190723	0.5191471	0.44504273	0.65204114	0.33227208	0.16416398	
874	0.32205966	0.86683524	0.5241775	0.16737044	0.483793	0.1622927	
875	0.8118749	0.092516586	0.4179344	0.65681475	0.494854	0.1951791	
876	0.46351415	0.10974367	0.40844175	0.6996856	0.47050995	0.69882464	
877	0.54107684	0.43902254	0.52048737	0.9503024	0.65752596	0.2661876	
878	0.38915676	0.8608019	0.39594522	0.115055546	0.74223083	0.7573892	
879	0.36948788	0.75488603	0.3647544	0.34932065	0.5676657	0.57381684	
880	0.64018625	0.3789219	0.45131332	0.47147873	0.83544344	0.37449113	
881	0.735581	0.80945474	0.31106403	0.34765938	0.6437257	0.60841376	
882	0.92829067	0.78845984	0.48309487	0.92449826	0.57576877	0.2953749	
883	0.7634829	0.24625924	0.5461477	0.029804435	0.64310086	0.22908281	
884	0.48914447	0.73300755	0.39949945	0.8594968	0.5465037	0.58058864	
885	0.4996331	0.11171132	0.5604499	0.96883523	0.5472495	0.13973668	
886	0.3696036	0.24958338	0.37419116	0.10402565	0.50792485	0.5375643	
887	0.5973681	0.10259814	0.57361	0.22815222	0.1680687	0.17829944	
888	0.60159177	0.5399048	0.3160996	0.68376094	0.46672705	0.24917401	
889	0.3193573	0.2971695	0.27830347	0.87007	0.59062296	0.6446896	
890	0.26328012	0.11957495	0.21223025	0.15168148	0.3352465	0.7676982	
891	0.6494321	0.28231677	0.19663136	0.5676339	0.22927351	0.24756859	
892	0.58569735	0.37414658	0.32039118	0.67800295	0.61906767	0.50811845	
893	0.37612674	0.88933975	0.23461923	0.49014533	0.3714026	0.8187787	
894	0.61245394	0.23057382	0.35240912	0.4106592	0.20124938	0.5197962	
895	0.7053218	0.35847577	0.29244655	0.63112825	0.40228546	0.41050044	
896	0.69931734	0.35404888	0.18011145	0.6681684	0.36735478	0.6746655	
897	0.70100814	0.87011135	0.20175336	0.34683257	0.3063025	0.80086726	
898	0.88764477	0.101491645	0.2573322	0.6784901	0.39800727	0.43252346	
899	0.91835177	0.39417756	0.23542841	0.68319863	0.39228338	0.5511954	
900	0.89332557	0.50469244	0.28775966	0.637321	0.5471936	0.6742303	
901	0.8995933	0.37316737	0.11546028	0.7073106	0.43808672	0.8133121	
902	0.91668373	0.8961492	0.4053351	0.09637607	0.33508947	0.19123149	
903	0.9218158	0.87020034	0.13533287	0.2928815	0.3654761	0.37891424	
904	0.87611276	0.12610579	0.10683215	0.6758925	0.4474668	0.67768955	
905	0.8812288	0.19232276	0.11200807	0.60151446	0.7128515	0.78288317	
906	0.83955413	0.5979685	0.17284179	0.09999197	0.79538876	0.6920411	
907	0.9102276	0.12428715	0.15233932	0.8692344	0.73971957	0.5923153	
908	0.8966895	0.27908528	0.16655955	0.8007707	0.77546275	0.40150726	
909	0.60614634	0.74794304	0.09769706	0.10510199	0.6935711	0.7071954	
910	0.8566606	0.4783409	0.33598498	0.30645093	0.7185041	0.18081515	
911	0.8837682	0.89043504	0.26920494	0.67747307	0.8104577	0.19609791	
912	0.67346185	0.08181757	0.17501481	0.090552345	0.64964277	0.48755053	
913	0.8992756	0.48706257	0.2950801	0.65232563	0.6000751	0.21453187	
914	0.8350574	0.4820182	0.18477148	0.88490814	0.7597599	0.2997175	
915	0.52769434	0.44449803	0.206963	0.90172035	0.78121066	0.36132124	
916	0.2908676	0.07839638	0.16665581	0.12955037	0.7156884	0.4271937	
917	0.6531808	0.39033136	0.28604963	0.51655185	0.5395452	0.17626536	
918	0.6312995	0.50536275	0.1806154	0.83593667	0.6926789	0.13313441	
919	0.4079043	0.42592883	0.1198133	0.76986957	0.7390593	0.5739208	
920	0.2309202	0.21879713	0.14903149	0.13947855	0.6977048	0.7306103	
921	0.46880627	0.15268977	0.09750532	0.44155812	0.5599855	0.19755106	
922	0.46777126	0.51712126	0.11246835	0.66340595	0.5965351	0.42034075	
923	0.25468424	0.5312255	0.15093373	0.86205065	0.5818441	0.7438632	
924	0.3447436	0.1300584	0.107843585	0.317868	0.47290412	0.45832044	
925	0.593089	0.3130746	0.09354715	0.54523045	0.46916437	0.2853284	
926	0.62614787	0.9030464	0.07759809	0.30288693	0.52534974	0.33950323	
927	0.8562859	0.17360221	0.08349614	0.6342197	0.52317256	0.39819038	
928	0.8033348	0.84039646	0.11343742	0.12938827	0.69873136	0.15458591	
929	0.6711834	0.40489092	0.12731424	0.5742318	0.6304159	0.77480954	
930	0.8620531	0.6600173	0.12101174	0.31712443	0.66981936	0.78088045	
931	0.8937788	0.78367925	0.40312544	0.09893073	0.64779246	0.6249703	
932	0.6905565	0.34214503	0.32964066	0.1024393	0.5889675	0.52534753	
933	0.87884766	0.26668337	0.27972975	0.100865394	0.571324	0.23277982	
934	0.84300727	0.6813402	0.32691482	0.8811639	0.46068123	0.18889984	
935	0.66269773	0.12894924	0.37362483	0.09967961	0.4085952	0.75560886	
936	0.6481159	0.62965786	0.25382978	0.6543609	0.4622881	0.6206799	
937	0.8698796	0.89624935	0.33753946	0.64223063	0.44215384	0.52002543	
938	0.8839354	0.6760869	0.1595164	0.8720058	0.403825	0.7868919	
939	0.89409673	0.36480835	0.2971957	0.2742169	0.42427862	0.60022223	
940	0.8956704	0.76950777	0.3328853	0.8900277	0.40957326	0.57031024	
941	0.60780686	0.908277	0.3365666	0.82956415	0.42415476	0.7467663	
942	0.6922112	0.6557607	0.37112516	0.112705484	0.43630204	0.50031036	
943	0.877672	0.8595518	0.38475236	0.5435209	0.45302653	0.16318005	
944	0.88528526	0.518569	0.45031115	0.10624265	0.48789772	0.54566437	
945	0.8990772	0.16250469	0.3630623	0.40028396	0.49342185	0.4791852	
946	0.9317919	0.5665223	0.5602548	0.86165184	0.41306403	0.27628103	
947	0.61797506	0.7024869	0.60608774	0.82620126	0.31401822	0.62118435	
948	0.6948096	0.140341	0.63738114	0.87122256	0.30845165	0.2021197	
949	0.41875997	0.14515227	0.6991762	0.9151442	0.54891944	0.6966304	
950	0.4422943	0.7730319	0.4979394	0.85851127	0.4539213	0.23014615	
951	0.1643965	0.48880726	0.583264	0.8145972	0.51865906	0.62206364	
952	0.18748154	0.6211123	0.44358754	0.75529	0.29037768	0.34737536	
953	0.16445836	0.54231	0.80464846	0.45922193	0.3803624	0.3758123	
954	0.39289087	0.46247828	0.5722915	0.6580588	0.14333777	0.44791117	
955	0.32471392	0.14543456	0.3030225	0.5760551	0.15505801	0.43336624	
956	0.37230995	0.89870226	0.08116795	0.22651653	0.37481713	0.17371975	
957	0.47179642	0.41794255	0.028864486	0.5152059	0.28723797	0.6814344	
958	0.5829792	0.9157437	0.28091997	0.5876762	0.27048352	0.18475609	
959	0.8830042	0.6381485	0.15030077	0.3837262	0.26644826	0.14123729	
960	0.6874311	0.8914099	0.24840347	0.5825276	0.26689485	0.68149316	
961	0.84631467	0.42580095	0.14816439	0.90073967	0.28615496	0.16948335	
962	0.61421657	0.6497788	0.15494047	0.14651816	0.20598018	0.8002277	
963	0.90384305	0.37943634	0.42152703	0.38850245	0.21669827	0.58834434	
964	0.82041246	0.23321538	0.29932305	0.91858244	0.4551821	0.74304307	
965	0.866014	0.6109308	0.109507374	0.9106398	0.2918268	0.4099059	
966	0.6588747	0.877096	0.1537955	0.10836039	0.42673507	0.619911	
967	0.6660514	0.6931642	0.11934521	0.12962767	0.41900545	0.22003189	
968	0.6722056	0.12923278	0.1886512	0.7919898	0.3829921	0.15349391	
969	0.49935877	0.09620687	0.23034209	0.77660656	0.3781813	0.48890784	
970	0.35768926	0.8154196	0.09392778	0.090052545	0.4680503	0.46155587	
971	0.5667938	0.81329966	0.21583568	0.38989967	0.5463258	0.15669224	
972	0.5645847	0.07841878	0.2594399	0.63474095	0.4974048	0.2819444	
973	0.24215576	0.8639266	0.24026565	0.8443301	0.4696718	0.7580885	
974	0.37320873	0.8868885	0.12962198	0.33856755	0.6067682	0.46217543	
975	0.6895086	0.90627235	0.3195495	0.5607394	0.5979006	0.28093135	
976	0.4408799	0.08556391	0.20895752	0.6467912	0.7006755	0.53472733	
977	0.31740415	0.50593305	0.31348354	0.31271175	0.80799437	0.8030685	
978	0.8806496	0.81366843	0.1349284	0.43604958	0.80459154	0.18948667	
979	0.8952004	0.111766584	0.30283144	0.619653	0.7401484	0.32771763	
980	0.61104935	0.12300689	0.29659337	0.5689796	0.748754	0.7920012	
981	0.7222523	0.8648917	0.18096839	0.51856756	0.8367836	0.8116481	
982	0.91848516	0.8753471	0.32994503	0.41152415	0.80556726	0.43793112	
983	0.91626924	0.91318244	0.20263135	0.8067086	0.79688793	0.83208954	
984	0.91376936	0.67363375	0.23150711	0.110783644	0.7558259	0.35271055	
985	0.82245034	0.8068116	0.4956638	0.89429456	0.7680663	0.7770726	
986	0.87874395	0.3910857	0.44464952	0.8936895	0.59119606	0.17947714	
987	0.62912256	0.26935777	0.6131123	0.08529543	0.7173277	0.5444684	
988	0.72289824	0.35690355	0.4671846	0.22703981	0.7402362	0.37089193	
989	0.87203044	0.66562617	0.43992722	0.6148792	0.78088623	0.20481837	
990	0.8545408	0.090240166	0.48055765	0.14084606	0.61201	0.24360114	
991	0.63829845	0.7133946	0.4437052	0.5443763	0.4329449	0.8210913	
992	0.8952878	0.8915932	0.39138883	0.5148522	0.41152152	0.81777424	
993	0.9032135	0.81302494	0.35383573	0.12628157	0.31311345	0.4809082	
994	0.808008	0.46890748	0.36702684	0.07699618	0.44613993	0.19284137	
995	0.92482275	0.13045095	0.26790518	0.8441838	0.4918674	0.2355346	
996	0.67615205	0.8648426	0.4015317	0.87418294	0.30009645	0.4032996	
997	0.5440128	0.47597808	0.42085904	0.060439516	0.41147724	0.3409646	
998	0.7019676	0.28226048	0.3080194	0.8605188	0.54820997	0.28853196	
999	0.6010392	0.10460271	0.48726827	0.8374909	0.5166377	0.35635102	
1000	0.4750043	0.8882118	0.3318322	0.09108245	0.5078622	0.4732881	
1001	0.4252744	0.6261	0.11008242	0.15624116	0.5693157	0.19522677	
1002	0.52863634	0.15462595	0.34341565	0.81844926	0.76606554	0.17968778	
1003	0.3091133	0.07490949	0.513761	0.7501626	0.4573735	0.27300313	
1004	0.22637248	0.89096963	0.1455174	0.19591051	0.70678055	0.6918955	
1005	0.4976795	0.8964765	0.19286007	0.49419275	0.7566144	0.18530168	
1006	0.45180407	0.3761753	0.68034565	0.21980119	0.5823456	0.3851204	
1007	0.5227106	0.65920305	0.3655027	0.5624859	0.62756014	0.30338284	
1008	0.59787095	0.23068357	0.40560812	0.2292701	0.4654661	0.19984077	
1009	0.58580685	0.91485095	0.4733952	0.50009996	0.52735406	0.63705075	
1010	0.91132927	0.36389217	0.38999006	0.4704992	0.4574544	0.19798143	
1011	0.88352805	0.9172227	0.47989953	0.33402175	0.36976248	0.60555214	
1012	0.90682375	0.6481754	0.38675338	0.702759	0.7101771	0.8410936	
1013	0.90192896	0.8687616	0.41023415	0.4033824	0.6308096	0.84691936	
1014	0.8343308	0.13656268	0.15426943	0.2471763	0.5240453	0.85299224	
1015	0.89020336	0.5980679	0.1542623	0.1621031	0.5719443	0.5839944	
1016	0.83922595	0.10834771	0.3420393	0.64834887	0.43077904	0.762868	
1017	0.8742795	0.20399356	0.35073107	0.45548972	0.61152405	0.8090862	
1018	0.8481913	0.9133242	0.15494059	0.844261	0.6122499	0.2759001	
1019	0.5700403	0.27828488	0.23958302	0.8573091	0.7444988	0.78893006	
1020	0.5909876	0.8645995	0.17472292	0.88023055	0.4938825	0.24208033	
1021	0.49207366	0.09319009	0.12827618	0.118416026	0.45985946	0.69923484	
1022	0.6391207	0.59009546	0.109854	0.6251386	0.66452825	0.29697594	
1023	0.44503587	0.65921825	0.1085782	0.6992003	0.5347683	0.72373456	
