	pdb_id	Ser	His	Asp
5	1whs	[153]	[127]	[75]
51	1aq2	[250]	[232]	[269]
90	1b3r	[82, 77, 360]	[54, 300, 352]	[130, 189]
94	1wab	[47]	[195]	[192]
169	1pfq	[595]	[705]	[673]
173	1pq5	[180]	[41]	[84, 179]
217	1sc9	[80]	[235]	[207]
218	1hpl	[153]	[264]	[177]
401	1aql	[194]	[435]	[320]
407	2o7r	[169]	[306]	[276]
412	1azw	[110]	[294]	[266]
425	1qrz	[196]	[58]	[101]
430	1bs0	[179]	[133, 207]	[204]
431	1bs9	[90]	[187]	[175]
453	1jkm	[193]	[329]	[299]
465	1ju3	[117]	[287]	[259]
519	1tah	[86]	[284]	[286, 240, 262]
602	1kez	[142]	[259]	[169]
755	1j00	[10]	[157]	[154]
771	1uk7	[34]	[252]	[224]
863	1nhx	[289]	[267]	[314]
866	1l7a	[181]	[298]	[269]
871	1okg	[255]	[75]	[61]
901	1qfm	[554]	[680]	[641]
912	1tyf	[97]	[122]	[171]
