protein	dist	angle	index
a	14	86	1
a	15	159	2
a	14	113	3
a	11	72	4
a	11	109	5
a	13	167	6
a	11	90	7
a	15	162	8
a	17	102	9
a	15	86	10
a	11	134	11
a	13	137	12
a	14	83	13
a	11	101	14
a	12	90	15
a	13	47	16
a	11	127	17
a	8	145	18
a	10	57	19
a	11	66	20
a	8	154	21
a	10	46	22
a	12	104	23
a	11	151	24
a	8	82	25
a	9	54	26
a	11	134	27
a	10	123	28
a	13	118	29
a	16	157	30
a	15	95	31
a	11	88	32
a	13	140	33
a	15	135	34
a	13	83	35
a	13	138	36
a	16	74	37
a	14	101	38
a	11	166	39
a	13	105	40
a	15	66	41
a	12	126	42
a	10	61	43
a	13	60	44
a	11	146	45
a	8	117	46
a	11	34	47
a	13	88	48
a	11	152	49
a	11	64	50
a	14	134	51
a	14	133	52
a	11	72	53
a	13	83	54
a	16	164	55
a	14	104	56
b	15	88	1
b	16	159	2
b	15	115	3
b	11	57	4
b	12	107	5
b	14	172	6
b	12	94	7
b	16	160	8
b	17	106	9
b	16	90	10
b	12	124	11
b	13	147	12
b	15	90	13
b	12	93	14
b	12	94	15
b	14	48	16
b	12	118	17
b	8	158	18
b	10	73	19
b	12	63	20
b	9	140	21
b	11	49	22
b	13	108	23
b	12	149	24
b	8	75	25
b	10	60	26
b	12	136	27
b	11	131	28
b	13	124	29
b	16	160	30
b	15	93	31
b	11	73	32
b	13	144	33
b	16	136	34
b	14	78	35
b	13	135	36
b	16	75	37
b	14	99	38
b	11	158	39
b	14	115	40
b	16	68	41
b	13	112	42
b	10	59	43
b	13	60	44
b	11	142	45
b	8	120	46
b	11	44	47
b	14	86	48
b	12	158	49
b	11	77	50
b	15	145	51
b	14	128	52
b	11	61	53
b	14	95	54
b	16	173	55
b	15	107	56