hash	dist	omega	phi1	phi2	psi1	psi2	ids	idcount	id_unique
18691714647308	17	0	1	3	5	12	1:1	1	1
18691714450439	17	0	1	0	4	7	2:2	2	1
18696043170575	17	1	3	3	11	15	1:1	1	1
18691714451974	17	0	1	0	10	6	1:1,2:1	2	2
18691697737731	17	0	0	1	0	3	2:1	1	1
18691731228931	17	0	2	0	9	3	1:1	1	1
18691731424007	17	0	2	3	3	7	1:1	1	1
18691697672452	17	0	0	0	1	4	0:1	1	1
18691748005131	17	0	3	0	5	11	1:1	1	1
18696026325513	17	1	2	2	2	9	1:1,0:1	2	2
18695992640260	17	1	0	0	3	4	1:2,2:4	6	2
18696043169546	17	1	3	3	7	10	1:1	1	1
18696009551107	17	1	1	2	13	3	2:1	1	1
18691731228168	17	0	2	0	6	8	3:1	1	1
18691697805573	17	0	0	2	9	5	3:1	1	1
18691714452232	17	0	1	0	11	8	1:1	1	1
18696043103496	17	1	3	2	5	8	3:1	1	1
18691697871106	17	0	0	3	9	2	2:2	2	1
18695992771844	17	1	0	2	5	4	1:1,2:1	2	2
18691697674762	17	0	0	0	10	10	1:4,2:2,0:2	8	3
18696043039494	17	1	3	1	11	6	2:1	1	1
18691714449670	17	0	1	0	1	6	2:1	1	1
18691697675271	17	0	0	0	12	7	2:1	1	1
18691697871885	17	0	0	3	12	13	2:1	1	1
18696026392834	17	1	2	3	9	2	1:1	1	1
18696042971912	17	1	3	0	3	8	2:1	1	1
18691731230210	17	0	2	0	14	2	1:1	1	1
18696042972422	17	1	3	0	5	6	3:1	1	1
18695992642568	17	1	0	0	12	8	1:1	1	1
18691697672195	17	0	0	0	0	3	3:1,2:1	2	2
18691697870596	17	0	0	3	7	4	2:1,3:1	2	2
18691697675269	17	0	0	0	12	5	2:3	3	1
18691697738756	17	0	0	1	4	4	3:1,2:1	2	2
18691731424008	17	0	2	3	3	8	1:2	2	1
18691748071430	17	0	3	1	8	6	1:1	1	1
18691748070916	17	0	3	1	6	4	1:2	2	1
18691748006407	17	0	3	0	10	7	2:2,0:1,1:3	6	3
18696042972933	17	1	3	0	7	5	3:1,2:2,1:2,0:1	6	4
18691697870597	17	0	0	3	7	5	2:3	3	1
18691697675529	17	0	0	0	13	9	1:1	1	1
18691697805314	17	0	0	2	8	2	2:1	1	1
18691697675010	17	0	0	0	11	2	2:1,0:1	2	2
18696026263044	17	1	2	1	14	4	1:1	1	1
18695992706818	17	1	0	1	7	2	2:1	1	1
18691748072714	17	0	3	1	13	10	2:1	1	1
18691697870340	17	0	0	3	6	4	1:1,2:1	2	2
18691731228675	17	0	2	0	8	3	1:2	2	1
18695992772871	17	1	0	2	9	7	2:1,3:1	2	2
18691731228940	17	0	2	0	9	12	1:1,2:2	3	2
18695992836867	17	1	0	3	3	3	2:1,1:1	2	2
18696042973699	17	1	3	0	10	3	2:1,1:1	2	2
18691748006660	17	0	3	0	11	4	2:1,1:2	3	2
18696043037698	17	1	3	1	4	2	2:1	1	1
18696043103752	17	1	3	2	6	8	1:1	1	1
18691748202756	17	0	3	3	9	4	1:5,2:3	8	2
18696042972938	17	1	3	0	7	10	1:1	1	1
18691714449926	17	0	1	0	2	6	3:1,1:1	2	2
18691748006918	17	0	3	0	12	6	1:1	1	1
18696043038985	17	1	3	1	9	9	1:1	1	1
18691697672458	17	0	0	0	1	10	2:1,1:1	2	2
18695992772104	17	1	0	2	6	8	1:1,3:1	2	2
18696026260237	17	1	2	1	3	13	2:1	1	1
18696009417989	17	1	1	0	5	5	2:2	2	1
18696042971650	17	1	3	0	2	2	2:1	1	1
18691697673475	17	0	0	0	5	3	2:1	1	1
18695992838920	17	1	0	3	11	8	1:1	1	1
18695992642315	17	1	0	0	11	11	1:2	2	1
18691748136452	17	0	3	2	6	4	1:1	1	1
18691714450184	17	0	1	0	3	8	1:1	1	1
18695992641546	17	1	0	0	8	10	1:1,2:1	2	2
18696026392321	17	1	2	3	7	1	2:1	1	1
18695992642056	17	1	0	0	10	8	1:1,2:1	2	2
18696042971910	17	1	3	0	3	6	2:3	3	1
18691731229441	17	0	2	0	11	1	1:1	1	1
18691731228677	17	0	2	0	8	5	2:1,1:4	5	2
18696009417218	17	1	1	0	2	2	1:1	1	1
18691697803523	17	0	0	2	1	3	0:1	1	1
18695992837642	17	1	0	3	6	10	2:1	1	1
18691731227655	17	0	2	0	4	7	1:2	2	1
18691697870086	17	0	0	3	5	6	2:1	1	1
18691714647811	17	0	1	3	7	3	1:2	2	1
18691748004102	17	0	3	0	1	6	2:1	1	1
18691748005122	17	0	3	0	5	2	2:2,0:1,3:1,1:1	5	4
18696043168002	17	1	3	3	1	2	3:1	1	1
18691697804294	17	0	0	2	4	6	1:1,2:2	3	2
18691731424257	17	0	2	3	4	1	1:1	1	1
18695992707331	17	1	0	1	9	3	1:1,2:1	2	2
18695992770818	17	1	0	2	1	2	2:1	1	1
18691697675266	17	0	0	0	12	2	1:1,2:3	4	2
18691697805321	17	0	0	2	8	9	1:2	2	1
18695992772362	17	1	0	2	7	10	2:1	1	1
18691748006659	17	0	3	0	11	3	2:1	1	1
18696009484297	17	1	1	1	8	9	1:1,3:1	2	2
18691748004360	17	0	3	0	2	8	2:1	1	1
18691731424265	17	0	2	3	4	9	1:1	1	1
18691748203526	17	0	3	3	12	6	2:1	1	1
18695992705281	17	1	0	1	1	1	2:1	1	1
18691748003844	17	0	3	0	0	4	3:1	1	1
18696009419012	17	1	1	0	9	4	1:1	1	1
18695992837893	17	1	0	3	7	5	3:1,1:1	2	2
18691748138250	17	0	3	2	13	10	1:1	1	1
18691697673228	17	0	0	0	4	12	1:1,2:3	4	2
18695992642825	17	1	0	0	13	9	1:1	1	1
18696042972164	17	1	3	0	4	4	2:1	1	1
18696043102987	17	1	3	2	3	11	2:1	1	1
18696026391050	17	1	2	3	2	10	2:1	1	1
18691697870347	17	0	0	3	6	11	3:1	1	1
18696026195977	17	1	2	0	8	9	1:1	1	1
18695992772356	17	1	0	2	7	4	1:1,2:1,3:1	3	3
18696043171336	17	1	3	3	14	8	1:1	1	1
18695992641793	17	1	0	0	9	1	2:2	2	1
18691714648835	17	0	1	3	11	3	2:1	1	1
18691697740043	17	0	0	1	9	11	3:1,2:1	2	2
18696043102729	17	1	3	2	2	9	1:1	1	1
18696009417988	17	1	1	0	5	4	2:1	1	1
18695992641547	17	1	0	0	8	11	1:6,3:1	7	2
18691714452482	17	0	1	0	12	2	2:2	2	1
18696042972166	17	1	3	0	4	6	1:1	1	1
18691697871367	17	0	0	3	10	7	2:1,1:2	3	2
18691697738753	17	0	0	1	4	1	1:1	1	1
18696043169034	17	1	3	3	5	10	2:1,1:2	3	2
18696009550340	17	1	1	2	10	4	2:1	1	1
18695992837901	17	1	0	3	7	13	1:1,2:1	2	2
18691748202243	17	0	3	3	7	3	2:1	1	1
18691748136964	17	0	3	2	8	4	1:1,2:1	2	2
18696043170055	17	1	3	3	9	7	2:1,1:1	2	2
18695992839688	17	1	0	3	14	8	1:1	1	1
18691748004358	17	0	3	0	2	6	0:1,1:1	2	2
18696026393866	17	1	2	3	13	10	1:1	1	1
18691697674503	17	0	0	0	9	7	1:5,2:2,0:1	8	3
18695992640265	17	1	0	0	3	9	0:1,2:4	5	2
18695992639494	17	1	0	0	0	6	1:1	1	1
18696042972931	17	1	3	0	7	3	2:2,1:2	4	2
18696009418755	17	1	1	0	8	3	2:1	1	1
18696043102984	17	1	3	2	3	8	1:1,0:1,2:1	3	3
18691748069635	17	0	3	1	1	3	2:1	1	1
18695992642822	17	1	0	0	13	6	2:2	2	1
18691697871879	17	0	0	3	12	7	1:1	1	1
18691714449924	17	0	1	0	2	4	2:2	2	1
18696042974222	17	1	3	0	12	14	1:1	1	1
18691697869324	17	0	0	3	2	12	2:1	1	1
18696026391557	17	1	2	3	4	5	2:1	1	1
18691748070151	17	0	3	1	3	7	1:2	2	1
18691731229189	17	0	2	0	10	5	2:1	1	1
18691697675017	17	0	0	0	11	9	3:1,1:3,2:1	5	3
18691697739781	17	0	0	1	8	5	2:1,1:2	3	2
18691714451205	17	0	1	0	7	5	2:1,1:2	3	2
18695992706565	17	1	0	1	6	5	1:1	1	1
18691697805058	17	0	0	2	7	2	3:1	1	1
18696026195718	17	1	2	0	7	6	1:1	1	1
18695992706823	17	1	0	1	7	7	3:1	1	1
18696026197251	17	1	2	0	13	3	1:1	1	1
18691697740812	17	0	0	1	12	12	1:1	1	1
18691697674247	17	0	0	0	8	7	1:3,2:2	5	2
18691748203011	17	0	3	3	10	3	1:1	1	1
18691748070155	17	0	3	1	3	11	2:1	1	1
18691697869831	17	0	0	3	4	7	3:1,2:2,1:2	5	3
18691697739522	17	0	0	1	7	2	2:1	1	1
18691697674754	17	0	0	0	10	2	1:2,2:3	5	2
18696043038984	17	1	3	1	9	8	3:1	1	1
18691697672457	17	0	0	0	1	9	1:1	1	1
18696009418506	17	1	1	0	7	10	0:1	1	1
18691697870861	17	0	0	3	8	13	1:1,2:1	2	2
18691748004354	17	0	3	0	2	2	0:1,1:1,2:3	5	3
18696026196486	17	1	2	0	10	6	2:1	1	1
18691714451200	17	0	1	0	7	0	2:1	1	1
18695992641288	17	1	0	0	7	8	2:2,3:1,1:3	6	3
18691731294729	17	0	2	1	10	9	2:1	1	1
18691714647564	17	0	1	3	6	12	2:1	1	1
18695992773893	17	1	0	2	13	5	2:1	1	1
18696043102466	17	1	3	2	1	2	2:1	1	1
18695992640006	17	1	0	0	2	6	2:3,3:1,1:2	6	3
18695992642049	17	1	0	0	10	1	1:1	1	1
18691748203781	17	0	3	3	13	5	2:1	1	1
18695992641029	17	1	0	0	6	5	1:1	1	1
18696042972679	17	1	3	0	6	7	1:2,2:1	3	2
18696009613573	17	1	1	3	1	5	1:1	1	1
18696009416965	17	1	1	0	1	5	2:1	1	1
18691731229452	17	0	2	0	11	12	1:2	2	1
18696026196481	17	1	2	0	10	1	1:1	1	1
18691697673986	17	0	0	0	7	2	3:1,2:2,1:3	6	3
18695992707592	17	1	0	1	10	8	2:1	1	1
18696042973700	17	1	3	0	10	4	1:1,2:1	2	2
18691714451715	17	0	1	0	9	3	3:1	1	1
18691697673735	17	0	0	0	6	7	3:1,1:7,2:2	10	3
18691697871366	17	0	0	3	10	6	1:1,2:1	2	2
18691731424258	17	0	2	3	4	2	2:1	1	1
18691748135435	17	0	3	2	2	11	2:1	1	1
18696042972939	17	1	3	0	7	11	1:3,2:1	4	2
18691697740039	17	0	0	1	9	7	2:2	2	1
18691697672712	17	0	0	0	2	8	2:1,1:3	4	2
18691697675785	17	0	0	0	14	9	1:1	1	1
18691748202255	17	0	3	3	7	15	1:1	1	1
18695992707084	17	1	0	1	8	12	1:1	1	1
18696026393352	17	1	2	3	11	8	1:1	1	1
18691697870858	17	0	0	3	8	10	1:2	2	1
18691714450185	17	0	1	0	3	9	2:1	1	1
18691697675273	17	0	0	0	12	9	2:1	1	1
18695992639748	17	1	0	0	1	4	2:2	2	1
18695992771333	17	1	0	2	3	5	2:1,3:1,1:1	3	3
18696043039239	17	1	3	1	10	7	1:1	1	1
18696043168001	17	1	3	3	1	1	2:2	2	1
18691731228933	17	0	2	0	9	5	3:1,0:1,1:1,2:1	4	4
18696043103237	17	1	3	2	4	5	1:1,2:1	2	2
18691731294472	17	0	2	1	9	8	1:2	2	1
18695992641032	17	1	0	0	6	8	1:3,2:3,3:1	7	3
18691697672705	17	0	0	0	2	1	2:4,1:1	5	2
18695992836870	17	1	0	3	3	6	1:1,3:1	2	2
18696042972162	17	1	3	0	4	2	1:1,2:1	2	2
18696042973446	17	1	3	0	9	6	3:1,2:2,1:1	4	3
18691697806343	17	0	0	2	12	7	1:1	1	1
18691731229198	17	0	2	0	10	14	1:1	1	1
18696043168263	17	1	3	3	2	7	2:1	1	1
18696009417221	17	1	1	0	2	5	2:1	1	1
18691748202500	17	0	3	3	8	4	1:1,0:1,3:1	3	3
18696043104258	17	1	3	2	8	2	1:1	1	1
18691697739275	17	0	0	1	6	11	1:1,2:1	2	2
18691731426056	17	0	2	3	11	8	1:1	1	1
18691731229444	17	0	2	0	11	4	1:1	1	1
18691697806857	17	0	0	2	14	9	1:2	2	1
18696009417731	17	1	1	0	4	3	2:2	2	1
18696043171595	17	1	3	3	15	11	1:1	1	1
18696026327813	17	1	2	2	11	5	3:1	1	1
18691697870339	17	0	0	3	6	3	0:1,3:2	3	2
18696043168522	17	1	3	3	3	10	1:1	1	1
18691697804551	17	0	0	2	5	7	1:1	1	1
18696043037709	17	1	3	1	4	13	2:1	1	1
18691714515469	17	0	1	1	2	13	2:1	1	1
18696043038979	17	1	3	1	9	3	2:1	1	1
18695992772355	17	1	0	2	7	3	1:3	3	1
18691748201738	17	0	3	3	5	10	1:6	6	1
18696043038470	17	1	3	1	7	6	1:1	1	1
18691748203012	17	0	3	3	10	4	1:4,2:2	6	2
18691748004869	17	0	3	0	4	5	2:4,1:1	5	2
18696043168778	17	1	3	3	4	10	1:1	1	1
18691748203268	17	0	3	3	11	4	1:1	1	1
18695992772353	17	1	0	2	7	1	2:2	2	1
18691748201740	17	0	3	3	5	12	1:1	1	1
18691697870600	17	0	0	3	7	8	2:1,1:1	2	2
18691714450445	17	0	1	0	4	13	2:1	1	1
18696026195464	17	1	2	0	6	8	3:1	1	1
18691748203784	17	0	3	3	13	8	1:1	1	1
18695992641794	17	1	0	0	9	2	1:1,2:1	2	2
18696042974470	17	1	3	0	13	6	2:1	1	1
18691714449927	17	0	1	0	2	7	2:1	1	1
18696009485063	17	1	1	1	11	7	3:1	1	1
18691731228418	17	0	2	0	7	2	1:2	2	1
18691714582026	17	0	1	2	6	10	2:1	1	1
18691697871624	17	0	0	3	11	8	1:1	1	1
18691748004613	17	0	3	0	3	5	1:1,2:1,0:1	3	3
18691697869571	17	0	0	3	3	3	1:2,2:2,3:1	5	3
18696009549316	17	1	1	2	6	4	1:1	1	1
18691697672962	17	0	0	0	3	2	1:1,2:3	4	2
18696043104516	17	1	3	2	9	4	1:1,2:1	2	2
18691748071946	17	0	3	1	10	10	2:1	1	1
18691731424268	17	0	2	3	4	12	1:1	1	1
18691748005380	17	0	3	0	6	4	2:2,1:1,0:1	4	3
18691697738761	17	0	0	1	4	9	2:1	1	1
18691714649089	17	0	1	3	12	1	2:1	1	1
18696026195717	17	1	2	0	7	5	1:2,3:2	4	2
18691714450696	17	0	1	0	5	8	2:1,1:2	3	2
18691697805060	17	0	0	2	7	4	1:2	2	1
18691697870343	17	0	0	3	6	7	1:5,3:1	6	2
18696009419266	17	1	1	0	10	2	2:1	1	1
18695992640517	17	1	0	0	4	5	1:2,2:4	6	2
18696043103750	17	1	3	2	6	6	1:1	1	1
18695992836869	17	1	0	3	3	5	2:3	3	1
18696042973190	17	1	3	0	8	6	2:2,1:2	4	2
18691697672714	17	0	0	0	2	10	1:2,2:3	5	2
18691697672450	17	0	0	0	1	2	2:4,1:1	5	2
18695992642569	17	1	0	0	12	9	2:2	2	1
18691748070153	17	0	3	1	3	9	3:1,2:1,1:1	3	3
18695992640261	17	1	0	0	3	5	1:2	2	1
18691748071943	17	0	3	1	10	7	2:1	1	1
18691714452485	17	0	1	0	12	5	2:1	1	1
18695992642823	17	1	0	0	13	7	1:1	1	1
18696043168518	17	1	3	3	3	6	2:1	1	1
18691731423752	17	0	2	3	2	8	2:1	1	1
18691697674504	17	0	0	0	9	8	1:3	3	1
18691714515460	17	0	1	1	2	4	0:1	1	1
18691748005895	17	0	3	0	8	7	2:1,1:1	2	2
18691697675274	17	0	0	0	12	10	1:1	1	1
18691731228419	17	0	2	0	7	3	1:1	1	1
18691714580749	17	0	1	2	1	13	0:1	1	1
18696026327298	17	1	2	2	9	2	0:1,1:1	2	2
18691697674753	17	0	0	0	10	1	2:1,1:1	2	2
18696009548814	17	1	1	2	4	14	1:1	1	1
18691697738508	17	0	0	1	3	12	2:1	1	1
18691697673734	17	0	0	0	6	6	3:4,1:4,2:6	14	3
18691697737735	17	0	0	1	0	7	2:1	1	1
18691697804805	17	0	0	2	6	5	2:1	1	1
18691697673222	17	0	0	0	4	6	2:7,1:1,3:3	11	3
18691697806087	17	0	0	2	11	7	3:1	1	1
18695992772103	17	1	0	2	6	7	1:1	1	1
18695992838665	17	1	0	3	10	9	1:1	1	1
18696026194439	17	1	2	0	2	7	2:1	1	1
18695992706311	17	1	0	1	5	7	1:1	1	1
18691714580742	17	0	1	2	1	6	1:1	1	1
18691714451463	17	0	1	0	8	7	3:1,1:1,2:2	4	3
18691697738755	17	0	0	1	4	3	1:1,2:1	2	2
18691748004876	17	0	3	0	4	12	1:1	1	1
18691697672711	17	0	0	0	2	7	1:3,2:2,3:1	6	3
18695992639746	17	1	0	0	1	2	2:1	1	1
18691714647560	17	0	1	3	6	8	1:1	1	1
18691748006662	17	0	3	0	11	6	3:1	1	1
18691697672960	17	0	0	0	3	0	2:1,3:1	2	2
18691748137219	17	0	3	2	9	3	2:1	1	1
18695992836359	17	1	0	3	1	7	2:1	1	1
18696026194948	17	1	2	0	4	4	3:1,2:2	3	2
18691731228164	17	0	2	0	6	4	1:1,2:2	3	2
18691697739272	17	0	0	1	6	8	3:1,1:2	3	2
18696043169801	17	1	3	3	8	9	1:1	1	1
18691731425539	17	0	2	3	9	3	3:1	1	1
18696042972677	17	1	3	0	6	5	1:2,2:1	3	2
18696009419522	17	1	1	0	11	2	1:1	1	1
18696026195468	17	1	2	0	6	12	1:1	1	1
18696043102471	17	1	3	2	1	7	2:1	1	1
18691697737989	17	0	0	1	1	5	2:1	1	1
18695992640257	17	1	0	0	3	1	0:1,1:1	2	2
18691697673736	17	0	0	0	6	8	1:3,2:5	8	2
18691731228421	17	0	2	0	7	5	1:1	1	1
18696009616648	17	1	1	3	13	8	1:1	1	1
18696009616132	17	1	1	3	11	4	2:1	1	1
18691748200715	17	0	3	3	1	11	2:1	1	1
18691697738247	17	0	0	1	2	7	0:1,3:1	2	2
18691697672710	17	0	0	0	2	6	0:1,2:2,1:2	5	3
18695992771084	17	1	0	2	2	12	2:1	1	1
18695992642058	17	1	0	0	10	10	2:4	4	1
18691697869829	17	0	0	3	4	5	1:2,2:3,3:1	6	3
18695992838147	17	1	0	3	8	3	2:1	1	1
18696042973452	17	1	3	0	9	12	2:1	1	1
18691748135685	17	0	3	2	3	5	2:1	1	1
18691697674766	17	0	0	0	10	14	2:1	1	1
18695992771076	17	1	0	2	2	4	1:1	1	1
18691731425795	17	0	2	3	10	3	2:1	1	1
18691748005379	17	0	3	0	6	3	2:4,0:1,1:1,3:1	7	4
18696009419267	17	1	1	0	10	3	1:1	1	1
18696009615878	17	1	1	3	10	6	3:1	1	1
18695992641801	17	1	0	0	9	9	1:2,2:2	4	2
18691731228417	17	0	2	0	7	1	2:1	1	1
18691748135683	17	0	3	2	3	3	1:1	1	1
18691748004868	17	0	3	0	4	4	1:1,3:1,2:1	3	3
18695992640005	17	1	0	0	2	5	2:2,3:2	4	2
18695992706567	17	1	0	1	6	7	2:1	1	1
18691697672968	17	0	0	0	3	8	0:2,2:4,1:6	12	3
18691748070152	17	0	3	1	3	8	3:1,0:1	2	2
18696026194947	17	1	2	0	4	3	1:1	1	1
18691731227139	17	0	2	0	2	3	0:1	1	1
18691748201225	17	0	3	3	3	9	1:1	1	1
18696043170051	17	1	3	3	9	3	1:2	2	1
18691697871109	17	0	0	3	9	5	2:2	2	1
18691697806596	17	0	0	2	13	4	2:1	1	1
18696043169540	17	1	3	3	7	4	2:1	1	1
18691748135938	17	0	3	2	4	2	2:1	1	1
18691748005384	17	0	3	0	6	8	1:1,3:1	2	2
18696009616904	17	1	1	3	14	8	2:1	1	1
18695992772878	17	1	0	2	9	14	2:1	1	1
18696043104002	17	1	3	2	7	2	3:1	1	1
18696042973191	17	1	3	0	8	7	2:4,1:3	7	2
18696042971651	17	1	3	0	2	3	2:3,1:1	4	2
18691714450692	17	0	1	0	5	4	2:1	1	1
18691697869833	17	0	0	3	4	9	1:1,2:1	2	2
18691714646785	17	0	1	3	3	1	2:1	1	1
18696042972929	17	1	3	0	7	1	2:1	1	1
18691748200968	17	0	3	3	2	8	3:1	1	1
18691697870088	17	0	0	3	5	8	2:2,1:4	6	2
18696043104266	17	1	3	2	8	10	1:1	1	1
18695992838669	17	1	0	3	10	13	1:2	2	1
18691731358215	17	0	2	2	2	7	2:1,0:1	2	2
18696043037700	17	1	3	1	4	4	2:1	1	1
18691748201481	17	0	3	3	4	9	1:5,2:3	8	2
18691731293447	17	0	2	1	5	7	1:1	1	1
18696009614600	17	1	1	3	5	8	3:1	1	1
18696026195979	17	1	2	0	8	11	1:1	1	1
18691697673229	17	0	0	0	4	13	1:1	1	1
18696009615110	17	1	1	3	7	6	2:1	1	1
18691697672204	17	0	0	0	0	12	2:1	1	1
18691748006152	17	0	3	0	9	8	2:2	2	1
18691697805830	17	0	0	2	10	6	1:1	1	1
18691731228938	17	0	2	0	9	10	1:1	1	1
18695992770823	17	1	0	2	1	7	1:1	1	1
18691697675020	17	0	0	0	11	12	1:1	1	1
18691697738249	17	0	0	1	2	9	2:1,1:1	2	2
18695992771849	17	1	0	2	5	9	1:1,2:1	2	2
18695992641545	17	1	0	0	8	9	1:3	3	1
18695992771332	17	1	0	2	3	4	1:1	1	1
18695992771841	17	1	0	2	5	1	2:1	1	1
18691697804036	17	0	0	2	3	4	3:1,2:1,1:1	3	3
18696042973703	17	1	3	0	10	7	1:4,2:1	5	2
18691697870603	17	0	0	3	7	11	1:2	2	1
18696042972674	17	1	3	0	6	2	1:1	1	1
18695992640001	17	1	0	0	2	1	2:1	1	1
18691731229188	17	0	2	0	10	4	2:1	1	1
18691731227144	17	0	2	0	2	8	2:1	1	1
18691731294467	17	0	2	1	9	3	2:1	1	1
18695992839689	17	1	0	3	14	9	1:1	1	1
18691731229446	17	0	2	0	11	6	1:2	2	1
18691731359500	17	0	2	2	7	12	3:1	1	1
18691697738507	17	0	0	1	3	11	1:1	1	1
18696042971397	17	1	3	0	1	5	2:1,1:2	3	2
18691697738244	17	0	0	1	2	4	1:1	1	1
18691697869835	17	0	0	3	4	11	1:2,2:1	3	2
18696043168775	17	1	3	3	4	7	2:1	1	1
18691731227914	17	0	2	0	5	10	2:1	1	1
18696009615369	17	1	1	3	8	9	3:1	1	1
18696042972937	17	1	3	0	7	9	2:3,1:2	5	2
18695992641549	17	1	0	0	8	13	1:1	1	1
18691697674757	17	0	0	0	10	5	2:2,1:4	6	2
18691748201483	17	0	3	3	4	11	1:1	1	1
18695992838409	17	1	0	3	9	9	1:1	1	1
18691714450187	17	0	1	0	3	11	1:1	1	1
18691748136707	17	0	3	2	7	3	1:1	1	1
18695992641543	17	1	0	0	8	7	2:2,3:1,1:3	6	3
18695992705803	17	1	0	1	3	11	2:1	1	1
18691697871107	17	0	0	3	9	3	2:1	1	1
18691748005645	17	0	3	0	7	13	2:1	1	1
18691697673477	17	0	0	0	5	5	2:8,0:2,1:4	14	3
18695992640004	17	1	0	0	2	4	1:1,2:2,3:1	4	3
18691697870085	17	0	0	3	5	5	2:2	2	1
18695992773130	17	1	0	2	10	10	1:1	1	1
18696043169796	17	1	3	3	8	4	2:1	1	1
18691697739019	17	0	0	1	5	11	2:3,1:2	5	2
18695992642308	17	1	0	0	11	4	1:2	2	1
18691697672967	17	0	0	0	3	7	1:5,3:1,2:4	10	3
18691697870860	17	0	0	3	8	12	1:1,2:2	3	2
18696043104003	17	1	3	2	7	3	1:3	3	1
18691748202755	17	0	3	3	9	3	1:1	1	1
18691714516745	17	0	1	1	7	9	3:1	1	1
18691714451977	17	0	1	0	10	9	1:3	3	1
18696043104263	17	1	3	2	8	7	1:1	1	1
18695992641795	17	1	0	0	9	3	2:4,0:1	5	2
18695992705289	17	1	0	1	1	9	1:1	1	1
18695992838157	17	1	0	3	8	13	1:1	1	1
18696009614341	17	1	1	3	4	5	1:1	1	1
18695992838664	17	1	0	3	10	8	0:1,1:2	3	2
18691748200973	17	0	3	3	2	13	2:1	1	1
18691748004100	17	0	3	0	1	4	1:3,2:2	5	2
18691748006920	17	0	3	0	12	8	2:2,1:1	3	2
18696043168779	17	1	3	3	4	11	2:1	1	1
18691697739268	17	0	0	1	6	4	1:1	1	1
18691697674509	17	0	0	0	9	13	1:1	1	1
18696042973956	17	1	3	0	11	4	1:1,2:2	3	2
18691748202248	17	0	3	3	7	8	2:1	1	1
18691697739010	17	0	0	1	5	2	1:1	1	1
18691748201227	17	0	3	3	3	11	1:2,2:2	4	2
18691748204040	17	0	3	3	14	8	2:1	1	1
18691697674759	17	0	0	0	10	7	1:4,3:1	5	2
18695992641544	17	1	0	0	8	8	3:2,1:4,2:2	8	3
18691697738759	17	0	0	1	4	7	1:1	1	1
18691697871886	17	0	0	3	12	14	1:1	1	1
18691697738498	17	0	0	1	3	2	1:1	1	1
18695992642055	17	1	0	0	10	7	1:4,2:2	6	2
18691697672709	17	0	0	0	2	5	1:1,2:2,0:1	4	3
18695992642050	17	1	0	0	10	2	2:2,1:3	5	2
18691714451204	17	0	1	0	7	4	1:1	1	1
18695992837894	17	1	0	3	7	6	2:1,1:2	3	2
18691697672973	17	0	0	0	3	13	2:1	1	1
18691697805062	17	0	0	2	7	6	3:1	1	1
18696043104006	17	1	3	2	7	6	2:1	1	1
18695992706306	17	1	0	1	5	2	2:1	1	1
18691731358214	17	0	2	2	2	6	2:1	1	1
18691748006664	17	0	3	0	11	8	1:1	1	1
18695992772611	17	1	0	2	8	3	1:1	1	1
18695992642824	17	1	0	0	13	8	1:1	1	1
18691714450176	17	0	1	0	3	0	2:1	1	1
18691748006914	17	0	3	0	12	2	2:1	1	1
18696042973448	17	1	3	0	9	8	1:1	1	1
18691697870348	17	0	0	3	6	12	1:1	1	1
18691714647050	17	0	1	3	4	10	2:1	1	1
18691697672708	17	0	0	0	2	4	0:1,2:2,1:2	5	3
18696009482504	17	1	1	1	1	8	1:1	1	1
18691748202498	17	0	3	3	8	2	3:1	1	1
18691748202504	17	0	3	3	8	8	2:2	2	1
18696043104771	17	1	3	2	10	3	1:2	2	1
18691697674497	17	0	0	0	9	1	1:1	1	1
18691697803530	17	0	0	2	1	10	1:1	1	1
18691714581257	17	0	1	2	3	9	2:1	1	1
18691748006413	17	0	3	0	10	13	2:1	1	1
18696043169031	17	1	3	3	5	7	1:1	1	1
18696042971393	17	1	3	0	1	1	0:1,2:1	2	2
18691714452233	17	0	1	0	11	9	2:1,3:1	2	2
18691714647812	17	0	1	3	7	4	3:1	1	1
18691697673223	17	0	0	0	4	7	3:1,0:1,1:1,2:3	6	4
18691697740040	17	0	0	1	9	8	1:1	1	1
18691748005642	17	0	3	0	7	10	2:1,1:2	3	2
18695992837897	17	1	0	3	7	9	1:2	2	1
18691748006663	17	0	3	0	11	7	1:2	2	1
18696043036932	17	1	3	1	1	4	2:1	1	1
18691714515970	17	0	1	1	4	2	0:1	1	1
18695992640780	17	1	0	0	5	12	2:1	1	1
18691714451972	17	0	1	0	10	4	2:1,1:1	2	2
18691748005129	17	0	3	0	5	9	2:2	2	1
18696043169541	17	1	3	3	7	5	1:1	1	1
18691697805578	17	0	0	2	9	10	1:1	1	1
18696043169795	17	1	3	3	8	3	1:1	1	1
18691697673220	17	0	0	0	4	4	1:2,2:4	6	2
18691697672461	17	0	0	0	1	13	1:1	1	1
18691697870082	17	0	0	3	5	2	1:1,2:2	3	2
18691697674506	17	0	0	0	9	10	2:3,3:1	4	2
18691748202250	17	0	3	3	7	10	2:1	1	1
18695992641037	17	1	0	0	6	13	2:2	2	1
18696042973189	17	1	3	0	8	5	2:1,1:1	2	2
18691697739009	17	0	0	1	5	1	0:1	1	1
18691731228427	17	0	2	0	7	11	3:1	1	1
18696009418498	17	1	1	0	7	2	3:1	1	1
18691748003847	17	0	3	0	0	7	2:1	1	1
18691697871112	17	0	0	3	9	8	2:2,1:2	4	2
18691731229957	17	0	2	0	13	5	1:1	1	1
18696042971395	17	1	3	0	1	3	1:1,2:1	2	2
18696043038218	17	1	3	1	6	10	3:1	1	1
18691697870851	17	0	0	3	8	3	1:2,2:1	3	2
18691748006412	17	0	3	0	10	12	2:1	1	1
18691748201476	17	0	3	3	4	4	3:2,2:2	4	2
18691697804557	17	0	0	2	5	13	1:1	1	1
18691748005894	17	0	3	0	8	6	3:1,2:1	2	2
18695992772613	17	1	0	2	8	5	2:1,1:1	2	2
18691697674499	17	0	0	0	9	3	1:2,2:2,0:1,3:1	6	4
18695992837381	17	1	0	3	5	5	1:1,2:1,3:3	5	3
18695992706569	17	1	0	1	6	9	1:1	1	1
18695992642564	17	1	0	0	12	4	1:1	1	1
18695992640778	17	1	0	0	5	10	1:1,2:3	4	2
18691697672453	17	0	0	0	1	5	2:4	4	1
18696026326019	17	1	2	2	4	3	1:1,2:2	3	2
18695992772361	17	1	0	2	7	9	2:1	1	1
18695992839177	17	1	0	3	12	9	2:1	1	1
18695992771334	17	1	0	2	3	6	0:1	1	1
18691697871105	17	0	0	3	9	1	1:1	1	1
18691697804546	17	0	0	2	5	2	2:1	1	1
18695992639754	17	1	0	0	1	10	1:1	1	1
18695992771341	17	1	0	2	3	13	1:1	1	1
18695992641034	17	1	0	0	6	10	3:1,2:2	3	2
18691697868807	17	0	0	3	0	7	1:1	1	1
18691714451466	17	0	1	0	8	10	2:1,1:2	3	2
18691697870594	17	0	0	3	7	2	1:1	1	1
18696042972169	17	1	3	0	4	9	1:2,2:2	4	2
18691748004617	17	0	3	0	3	9	2:1	1	1
18691697673991	17	0	0	0	7	7	0:2,1:4,3:2	8	3
18691714450188	17	0	1	0	3	12	2:1	1	1
18691697804298	17	0	0	2	4	10	2:1	1	1
18696026393857	17	1	2	3	13	1	2:1	1	1
18696026195201	17	1	2	0	5	1	0:1	1	1
18691697870859	17	0	0	3	8	11	1:1	1	1
18691697673989	17	0	0	0	7	5	3:1,1:4,2:2	7	3
18696009419009	17	1	1	0	9	1	1:1	1	1
18695992838152	17	1	0	3	8	8	1:2	2	1
18691731293442	17	0	2	1	5	2	1:1	1	1
18691714451721	17	0	1	0	9	9	1:1,3:1	2	2
18696026195459	17	1	2	0	6	3	0:1	1	1
18691748006922	17	0	3	0	12	10	1:1	1	1
18691697739267	17	0	0	1	6	3	2:1	1	1
18695992640010	17	1	0	0	2	10	2:2,1:3	5	2
18695992836874	17	1	0	3	3	10	2:1,1:1	2	2
18696026194437	17	1	2	0	2	5	0:1	1	1
18695992642309	17	1	0	0	11	5	2:2	2	1
18691714449669	17	0	1	0	1	5	0:1	1	1
18691731425538	17	0	2	3	9	2	1:1	1	1
18695992837379	17	1	0	3	5	3	2:1,1:1	2	2
18691697804808	17	0	0	2	6	8	1:1	1	1
18691731227650	17	0	2	0	4	2	2:1	1	1
18695992639752	17	1	0	0	1	8	2:1,1:1	2	2
18691697673996	17	0	0	0	7	12	2:1	1	1
18691697673484	17	0	0	0	5	12	2:3	3	1
18696009614603	17	1	1	3	5	11	1:1	1	1
18691714450956	17	0	1	0	6	12	2:1,1:1	2	2
18691748007180	17	0	3	0	13	12	2:1	1	1
18691697869579	17	0	0	3	3	11	2:1	1	1
18691748004610	17	0	3	0	3	2	2:1,1:1	2	2
18691714450954	17	0	1	0	6	10	1:1	1	1
18696026194435	17	1	2	0	2	3	2:1	1	1
18691697870090	17	0	0	3	5	10	2:1	1	1
18691714450436	17	0	1	0	4	4	2:1,3:1	2	2
18696042972427	17	1	3	0	5	11	3:1	1	1
18691697806347	17	0	0	2	12	11	1:2	2	1
18695992643075	17	1	0	0	14	3	2:2	2	1
18696009615114	17	1	1	3	7	10	1:1	1	1
18691731228942	17	0	2	0	9	14	1:2	2	1
18696009550860	17	1	1	2	12	12	2:1	1	1
18691697738754	17	0	0	1	4	2	2:2	2	1
18691714516226	17	0	1	1	5	2	2:1	1	1
18691697872138	17	0	0	3	13	10	2:1	1	1
18691714450689	17	0	1	0	5	1	2:1	1	1
18691748004361	17	0	3	0	2	9	2:2	2	1
18695992837385	17	1	0	3	5	9	1:1	1	1
18691697870341	17	0	0	3	6	5	2:2	2	1
18696026196228	17	1	2	0	9	4	1:1	1	1
18696026195978	17	1	2	0	8	10	1:1,3:1	2	2
18695992640263	17	1	0	0	3	7	1:3,3:1,2:1	5	3
18691697871372	17	0	0	3	10	12	1:1	1	1
18691748005385	17	0	3	0	6	9	2:1,3:2	3	2
18695992772354	17	1	0	2	7	2	2:1	1	1
18691714648586	17	0	1	3	10	10	2:1	1	1
18695992838404	17	1	0	3	9	4	1:2,2:2	4	2
18691748135433	17	0	3	2	2	9	1:1	1	1
18691697870093	17	0	0	3	5	13	2:1	1	1
18695992774151	17	1	0	2	14	7	1:1	1	1
18696042971914	17	1	3	0	3	10	1:1	1	1
18695992640002	17	1	0	0	2	2	2:4	4	1
18691714581252	17	0	1	2	3	4	2:1	1	1
18691748202501	17	0	3	3	8	5	1:2	2	1
18691714517251	17	0	1	1	9	3	3:1	1	1
18691697804293	17	0	0	2	4	5	2:2,1:1	3	2
18696009614337	17	1	1	3	4	1	2:1	1	1
18691697804034	17	0	0	2	3	2	0:1	1	1
18695992641031	17	1	0	0	6	7	2:5,3:1,1:4	10	3
18696043170309	17	1	3	3	10	5	2:1,1:2	3	2
18696026392839	17	1	2	3	9	7	3:1	1	1
18695992836612	17	1	0	3	2	4	2:1,1:1	2	2
18691697673226	17	0	0	0	4	10	2:2	2	1
18691714648840	17	0	1	3	11	8	2:1	1	1
18695992839174	17	1	0	3	12	6	1:1,2:1	2	2
18695992641798	17	1	0	0	9	6	2:1,1:3	4	2
18695992773640	17	1	0	2	12	8	1:1	1	1
18695992771847	17	1	0	2	5	7	3:2,1:2	4	2
18691748202511	17	0	3	3	8	15	1:1	1	1
18696043168513	17	1	3	3	3	1	1:1	1	1
18691714647301	17	0	1	3	5	5	2:1	1	1
18691731227653	17	0	2	0	4	5	2:2,1:1	3	2
18691731424515	17	0	2	3	5	3	2:1	1	1
18696042973454	17	1	3	0	9	14	1:1	1	1
18691697871110	17	0	0	3	9	6	3:2,2:1	3	2
18695992640771	17	1	0	0	5	3	1:2	2	1
18691697739014	17	0	0	1	5	6	1:1	1	1
18691731424003	17	0	2	3	3	3	1:1	1	1
18691748004619	17	0	3	0	3	11	1:1	1	1
18691714450442	17	0	1	0	4	10	1:1	1	1
18691697673474	17	0	0	0	5	2	2:2,0:1,1:1	4	3
18691748006151	17	0	3	0	9	7	1:6,2:2	8	2
18691697673732	17	0	0	0	6	4	2:7,3:3,1:1	11	3
18691697738252	17	0	0	1	2	12	2:2	2	1
18691748006666	17	0	3	0	11	10	2:3	3	1
18695992641289	17	1	0	0	7	9	2:2,1:1	3	2
18691748136963	17	0	3	2	8	3	1:2	2	1
18695992839692	17	1	0	3	14	12	1:1	1	1
18695992641283	17	1	0	0	7	3	2:1,1:3,3:1	5	3
18696043103242	17	1	3	2	4	10	1:1	1	1
18691714646028	17	0	1	3	0	12	2:1	1	1
18691714451718	17	0	1	0	9	6	3:1,2:1	2	2
18691714647053	17	0	1	3	4	13	2:1	1	1
18695992640003	17	1	0	0	2	3	2:1,0:1,1:1	3	3
18691697806082	17	0	0	2	11	2	1:1	1	1
18691697675528	17	0	0	0	13	8	2:2	2	1
18695992642051	17	1	0	0	10	3	2:1,1:2	3	2
18695992640772	17	1	0	0	5	4	2:4,1:2	6	2
18691748004870	17	0	3	0	4	6	1:1,2:1	2	2
18691748005383	17	0	3	0	6	7	2:1,1:2,3:1	4	3
18691697672964	17	0	0	0	3	4	3:1,2:3,1:2	6	3
18691697804040	17	0	0	2	3	8	1:2	2	1
18691697869834	17	0	0	3	4	10	2:1	1	1
18696026194444	17	1	2	0	2	12	1:1	1	1
18695992836613	17	1	0	3	2	5	1:1,2:3	4	2
18695992642313	17	1	0	0	11	9	1:3	3	1
18696043168517	17	1	3	3	3	5	1:1,2:1	2	2
18695992836621	17	1	0	3	2	13	1:1	1	1
18691748005893	17	0	3	0	8	5	1:4,2:2	6	2
18696043037956	17	1	3	1	5	4	1:1	1	1
18691697870853	17	0	0	3	8	5	2:1	1	1
18691748138249	17	0	3	2	13	9	3:1	1	1
18691697869836	17	0	0	3	4	12	2:1	1	1
18691748006156	17	0	3	0	9	12	1:1	1	1
18695992641027	17	1	0	0	6	3	2:1,1:4,3:1	6	3
18691748004611	17	0	3	0	3	3	1:2,2:2,3:1	5	3
18696026393608	17	1	2	3	12	8	1:1	1	1
18691714580997	17	0	1	2	2	5	1:1	1	1
18691697672974	17	0	0	0	3	14	1:1	1	1
18695992772868	17	1	0	2	9	4	1:1	1	1
18691748201991	17	0	3	3	6	7	1:1,3:2	3	2
18691697871874	17	0	0	3	12	2	1:1,2:1	2	2
18691714515975	17	0	1	1	4	7	2:1	1	1
18695992837890	17	1	0	3	7	2	1:2	2	1
18691697674758	17	0	0	0	10	6	2:4,1:4	8	2
18691748005382	17	0	3	0	6	6	1:1	1	1
18691731227907	17	0	2	0	5	3	0:1	1	1
18696009418252	17	1	1	0	6	12	2:1	1	1
18691748070150	17	0	3	1	3	6	1:1	1	1
18691731228172	17	0	2	0	6	12	2:1	1	1
18691731227142	17	0	2	0	2	6	1:2,2:2	4	2
18691697673993	17	0	0	0	7	9	2:2,0:1,1:5	8	3
18695992640266	17	1	0	0	3	10	1:2,2:1	3	2
18691697739271	17	0	0	1	6	7	1:2	2	1
18696026195208	17	1	2	0	5	8	1:1,2:1	2	2
18696026194695	17	1	2	0	3	7	1:3	3	1
18691697739015	17	0	0	1	5	7	2:1,1:2	3	2
18691748071940	17	0	3	1	10	4	2:1	1	1
18695992641287	17	1	0	0	7	7	1:2,2:2	4	2
18695992771852	17	1	0	2	5	12	2:1	1	1
18691697870856	17	0	0	3	8	8	1:5	5	1
18695992640007	17	1	0	0	2	7	1:1,2:1	2	2
18691697804038	17	0	0	2	3	6	3:1,2:2	3	2
18691697869573	17	0	0	3	3	5	3:1,1:1,2:2	4	3
18691731424262	17	0	2	3	4	6	1:1	1	1
18691748005632	17	0	3	0	7	0	1:1	1	1
18691748070407	17	0	3	1	4	7	3:1	1	1
18695992641550	17	1	0	0	8	14	2:1	1	1
18695992640521	17	1	0	0	4	9	3:1,1:1	2	2
18695992640264	17	1	0	0	3	8	0:1,2:1	2	2
18691714648067	17	0	1	3	8	3	0:1,3:1	2	2
18695992771843	17	1	0	2	5	3	2:1	1	1
18696043036933	17	1	3	1	1	5	3:1	1	1
18691697869069	17	0	0	3	1	13	1:1	1	1
18691731228682	17	0	2	0	8	10	1:1,2:1,3:1	3	3
18695992642053	17	1	0	0	10	5	2:3,1:1	4	2
18691697672454	17	0	0	0	1	6	2:1	1	1
18695992837383	17	1	0	3	5	7	1:2,2:2,0:1,3:1	6	4
18691697672455	17	0	0	0	1	7	1:2,3:1	3	2
18691697803783	17	0	0	2	2	7	1:2	2	1
18696042973451	17	1	3	0	9	11	1:2	2	1
18691697739523	17	0	0	1	7	3	1:1	1	1
18695992837127	17	1	0	3	4	7	0:1,1:1	2	2
18695992837641	17	1	0	3	6	9	2:2,1:1,3:1	4	3
18696043104259	17	1	3	2	8	3	1:2	2	1
18691697674253	17	0	0	0	8	13	2:2	2	1
18691748006404	17	0	3	0	10	4	2:1	1	1
18696026393092	17	1	2	3	10	4	1:1	1	1
18691748201480	17	0	3	3	4	8	3:1,0:1,1:1	3	3
18695992706315	17	1	0	1	5	11	2:1	1	1
18695992707335	17	1	0	1	9	7	2:1	1	1
18695992642059	17	1	0	0	10	11	2:1,1:1	2	2
18691697870345	17	0	0	3	6	9	1:4,2:1	5	2
18695992706564	17	1	0	1	6	4	3:1	1	1
18691697871371	17	0	0	3	10	11	2:3	3	1
18691697739270	17	0	0	1	6	6	1:3,2:1	4	2
18691748135172	17	0	3	2	1	4	1:1	1	1
18691697804550	17	0	0	2	5	6	2:1	1	1
18691731426569	17	0	2	3	13	9	2:1	1	1
18691697869320	17	0	0	3	2	8	1:1	1	1
18695992707840	17	1	0	1	11	0	2:1	1	1
18696043170307	17	1	3	3	10	3	1:1	1	1
18691748070657	17	0	3	1	5	1	2:1	1	1
18691731229186	17	0	2	0	10	2	1:1	1	1
18691731229194	17	0	2	0	10	10	1:1	1	1
18691748070661	17	0	3	1	5	5	2:1	1	1
18691697673990	17	0	0	0	7	6	1:7,3:1,2:2	10	3
18695992773638	17	1	0	2	12	6	1:1	1	1
18691697740035	17	0	0	1	9	3	2:1	1	1
18691731229190	17	0	2	0	10	6	0:1,1:2,2:3	6	3
18691748071428	17	0	3	1	8	4	2:2	2	1
18691697737990	17	0	0	1	1	6	3:1	1	1
18695992771588	17	1	0	2	4	4	2:2,3:1	3	2
18691748072454	17	0	3	1	12	6	2:1	1	1
18691748202249	17	0	3	3	7	9	1:1	1	1
18695992837639	17	1	0	3	6	7	1:1,2:1	2	2
18696026393347	17	1	2	3	11	3	2:1	1	1
18691697803531	17	0	0	2	1	11	1:1	1	1
18695992641538	17	1	0	0	8	2	2:3	3	1
18695992640519	17	1	0	0	4	7	2:1,1:2	3	2
18691748005898	17	0	3	0	8	10	1:5	5	1
18691697803784	17	0	0	2	2	8	2:1	1	1
18695992706055	17	1	0	1	4	7	2:1	1	1
18695992772872	17	1	0	2	9	8	1:1	1	1
18691731228939	17	0	2	0	9	11	1:2	2	1
18691697674246	17	0	0	0	8	6	2:5,1:3	8	2
18691714518280	17	0	1	1	13	8	1:1	1	1
18695992707336	17	1	0	1	9	8	1:1	1	1
18691697739017	17	0	0	1	5	9	1:2	2	1
18691748136451	17	0	3	2	6	3	1:1	1	1
18691731425541	17	0	2	3	9	5	0:1	1	1
18695992642828	17	1	0	0	13	12	1:1	1	1
18691697740291	17	0	0	1	10	3	1:2	2	1
18696043169544	17	1	3	3	7	8	1:2	2	1
18691697869572	17	0	0	3	3	4	1:1,2:1	2	2
18695992773129	17	1	0	2	10	9	1:1,2:1	2	2
18695992706057	17	1	0	1	4	9	1:1	1	1
18696009614859	17	1	1	3	6	11	2:1	1	1
18696009418501	17	1	1	0	7	5	1:1	1	1
18691748070920	17	0	3	1	6	8	3:1	1	1
18691748137988	17	0	3	2	12	4	1:1	1	1
18695992706308	17	1	0	1	5	4	3:1,1:2	3	2
18695992641293	17	1	0	0	7	13	1:1	1	1
18691714452492	17	0	1	0	12	12	1:1	1	1
18695992838663	17	1	0	3	10	7	1:1	1	1
18691697674760	17	0	0	0	10	8	1:2	2	1
18691697674245	17	0	0	0	8	5	1:1,2:3	4	2
18696026393096	17	1	2	3	10	8	1:1	1	1
18695992640271	17	1	0	0	3	15	3:1	1	1
18691714450953	17	0	1	0	6	9	2:1	1	1
18691697673217	17	0	0	0	4	1	0:1	1	1
18696042972423	17	1	3	0	5	7	3:1,1:1	2	2
18695992641800	17	1	0	0	9	8	1:3	3	1
18691731423748	17	0	2	3	2	4	2:1	1	1
18691697869059	17	0	0	3	1	3	0:1,1:2	3	2
18696043170311	17	1	3	3	10	7	1:1	1	1
18696026196227	17	1	2	0	9	3	1:1	1	1
18696026325507	17	1	2	2	2	3	1:1	1	1
18691714449925	17	0	1	0	2	5	1:1	1	1
18691697869832	17	0	0	3	4	8	3:3,1:3,2:2	8	3
18696026196229	17	1	2	0	9	5	1:1,2:1	2	2
18691731227651	17	0	2	0	4	3	1:1,2:1,3:1	3	3
18691697674761	17	0	0	0	10	9	3:1,2:3	4	2
18696043104770	17	1	3	2	10	2	2:1	1	1
18696026196994	17	1	2	0	12	2	2:1	1	1
18691731226890	17	0	2	0	1	10	2:1	1	1
18695992705543	17	1	0	1	2	7	3:1	1	1
18691714450178	17	0	1	0	3	2	2:1	1	1
18691697672966	17	0	0	0	3	6	2:7,1:4,3:4	15	3
18695992772614	17	1	0	2	8	6	3:1	1	1
18691697804299	17	0	0	2	4	11	1:1	1	1
18691697869830	17	0	0	3	4	6	1:1,2:2,0:1	4	3
18695992837636	17	1	0	3	6	4	1:1	1	1
18696042973450	17	1	3	0	9	10	1:1	1	1
18691697673997	17	0	0	0	7	13	2:1	1	1
18691714451462	17	0	1	0	8	6	3:1,1:2	3	2
18691731228680	17	0	2	0	8	8	2:1,1:1,3:1	3	3
18695992642310	17	1	0	0	11	6	1:1	1	1
18696026194951	17	1	2	0	4	7	3:1,2:1,1:1	3	3
18696043103241	17	1	3	2	4	9	1:1	1	1
18695992707848	17	1	0	1	11	8	1:1	1	1
18691697675268	17	0	0	0	12	4	1:1,2:3	4	2
18695992641285	17	1	0	0	7	5	1:2,2:1	3	2
18691697740552	17	0	0	1	11	8	1:2	2	1
18691748007176	17	0	3	0	13	8	1:1,2:1	2	2
18695992640779	17	1	0	0	5	11	2:2	2	1
18691697675016	17	0	0	0	11	8	1:3,2:2	5	2
18691748005647	17	0	3	0	7	15	1:1	1	1
18695992772101	17	1	0	2	6	5	2:1	1	1
18696009419271	17	1	1	0	10	7	2:1	1	1
18691697740292	17	0	0	1	10	4	1:1	1	1
18691697673995	17	0	0	0	7	11	1:1,2:1	2	2
18691748203778	17	0	3	3	13	2	2:1	1	1
18691714646536	17	0	1	3	2	8	1:2	2	1
18691714582022	17	0	1	2	6	6	2:1	1	1
18696026327557	17	1	2	2	10	5	1:1	1	1
18691697804549	17	0	0	2	5	5	2:1	1	1
18691697739530	17	0	0	1	7	10	3:1	1	1
18696009484552	17	1	1	1	9	8	1:1,3:1	2	2
18696043102477	17	1	3	2	1	13	2:1	1	1
18696043037707	17	1	3	1	4	11	2:1	1	1
18691697673737	17	0	0	0	6	9	2:1,1:5	6	2
18691697870598	17	0	0	3	7	6	1:2,3:1,2:1	4	3
18696042973449	17	1	3	0	9	9	1:1	1	1
18691714450177	17	0	1	0	3	1	1:1	1	1
18696026392836	17	1	2	3	9	4	1:1	1	1
18691697803790	17	0	0	2	2	14	1:1	1	1
18691697674764	17	0	0	0	10	12	1:1	1	1
18695992640526	17	1	0	0	4	14	2:1	1	1
18691748202245	17	0	3	3	7	5	1:1	1	1
18691697869317	17	0	0	3	2	5	1:1,0:1,3:1,2:2	5	4
18691748005644	17	0	3	0	7	12	1:1	1	1
18691697871114	17	0	0	3	9	10	1:1	1	1
18695992641030	17	1	0	0	6	6	1:4,3:2	6	2
18691731293187	17	0	2	1	4	3	2:1	1	1
18696009613828	17	1	1	3	2	4	2:1	1	1
18696009548293	17	1	1	2	2	5	0:1	1	1
18691714647046	17	0	1	3	4	6	1:2	2	1
18691731228674	17	0	2	0	8	2	2:1	1	1
18691748005124	17	0	3	0	5	4	1:2,3:1,2:3	6	3
18691748137483	17	0	3	2	10	11	1:1	1	1
18691748004614	17	0	3	0	3	6	3:2,0:1	3	2
18691714648323	17	0	1	3	9	3	3:1,2:1,1:1	3	3
18696026260234	17	1	2	1	3	10	0:1	1	1
18691697738762	17	0	0	1	4	10	2:1,1:1	2	2
18691697740805	17	0	0	1	12	5	1:1,2:1	2	2
18691731226883	17	0	2	0	1	3	2:1	1	1
18695992838149	17	1	0	3	8	5	3:1,2:2	3	2
18696043169806	17	1	3	3	8	14	1:1	1	1
18691748006149	17	0	3	0	9	5	2:1,1:2	3	2
18696026392581	17	1	2	3	8	5	3:1	1	1
18696026260747	17	1	2	1	5	11	2:1,1:1	2	2
18691748005381	17	0	3	0	6	5	2:1	1	1
18695992839430	17	1	0	3	13	6	3:1	1	1
18691748135939	17	0	3	2	4	3	3:1	1	1
18696009417481	17	1	1	0	3	9	2:1,1:1	2	2
18691714646791	17	0	1	3	3	7	1:1	1	1
18691731358730	17	0	2	2	4	10	1:2	2	1
18691697740555	17	0	0	1	11	11	1:1	1	1
18691697872393	17	0	0	3	14	9	2:1	1	1
18691697675786	17	0	0	0	14	10	2:1	1	1
18691697805315	17	0	0	2	8	3	1:1	1	1
18691731293697	17	0	2	1	6	1	1:1	1	1
18691697674496	17	0	0	0	9	0	1:1	1	1
18696026391304	17	1	2	3	3	8	1:2	2	1
18695992772620	17	1	0	2	8	12	2:1	1	1
18696043169025	17	1	3	3	5	1	2:1	1	1
18695992838406	17	1	0	3	9	6	2:1	1	1
18691748006158	17	0	3	0	9	14	2:1	1	1
18696042972932	17	1	3	0	7	4	0:1,1:1	2	2
18695992773128	17	1	0	2	10	8	1:1,3:1	2	2
18691731423242	17	0	2	3	0	10	1:1	1	1
18691697870084	17	0	0	3	5	4	1:1,2:4	5	2
18691697672965	17	0	0	0	3	5	2:1	1	1
18691697672201	17	0	0	0	0	9	1:1	1	1
18696043170062	17	1	3	3	9	14	1:1	1	1
18695992641804	17	1	0	0	9	12	2:2	2	1
18691748072459	17	0	3	1	12	11	2:1	1	1
18695992838402	17	1	0	3	9	2	1:1	1	1
18696026197257	17	1	2	0	13	9	2:1	1	1
18696009417733	17	1	1	0	4	5	1:2,3:1	3	2
18696009417223	17	1	1	0	2	7	2:1	1	1
18691697672706	17	0	0	0	2	2	2:4	4	1
18695992837125	17	1	0	3	4	5	2:1	1	1
18695992770826	17	1	0	2	1	10	1:1	1	1
18696043038215	17	1	3	1	6	7	2:1	1	1
18691697672970	17	0	0	0	3	10	3:2,1:5,2:2	9	3
18691714449932	17	0	1	0	2	12	1:1	1	1
18696043039242	17	1	3	1	10	10	1:1	1	1
18696026195202	17	1	2	0	5	2	2:1	1	1
18691748135426	17	0	3	2	2	2	3:1	1	1
18696042974213	17	1	3	0	12	5	2:2,1:1	3	2
18695992837388	17	1	0	3	5	12	1:1,2:2	3	2
18696042973702	17	1	3	0	10	6	2:1	1	1
18695992771593	17	1	0	2	4	9	1:1	1	1
18696042973193	17	1	3	0	8	9	1:1,2:1	2	2
18696009416715	17	1	1	0	0	11	2:1	1	1
18695992706572	17	1	0	1	6	12	1:1	1	1
18691748136971	17	0	3	2	8	11	1:1	1	1
18691748072969	17	0	3	1	14	9	1:1	1	1
18696009614089	17	1	1	3	3	9	2:1	1	1
18695992640009	17	1	0	0	2	9	1:1,2:1	2	2
18696009419784	17	1	1	0	12	8	1:1	1	1
18691697675521	17	0	0	0	13	1	1:1	1	1
18691731425290	17	0	2	3	8	10	1:1,2:1	2	2
18691748007427	17	0	3	0	14	3	1:2	2	1
18691748072453	17	0	3	1	12	5	1:1	1	1
18696026195719	17	1	2	0	7	7	1:1,2:1,3:1	3	3
18695992641292	17	1	0	0	7	12	2:1,1:1	2	2
18691748006147	17	0	3	0	9	3	1:3,3:1	4	2
18691697804553	17	0	0	2	5	9	1:1,0:1,2:1,3:1	4	4
18691697804812	17	0	0	2	6	12	1:1	1	1
18696042974466	17	1	3	0	13	2	1:1	1	1
18691714518274	17	0	1	1	13	2	2:1	1	1
18695992706053	17	1	0	1	4	5	2:1	1	1
18695992838917	17	1	0	3	11	5	3:1	1	1
18696042972163	17	1	3	0	4	3	0:1,1:1,3:1	3	3
18695992642567	17	1	0	0	12	7	1:1,2:1	2	2
18691697870854	17	0	0	3	8	6	1:1,3:1	2	2
18691714517255	17	0	1	1	9	7	3:1	1	1
18691697869577	17	0	0	3	3	9	3:1,1:3	4	2
18696043038725	17	1	3	1	8	5	3:1	1	1
18696026391047	17	1	2	3	2	7	3:1	1	1
18691697804547	17	0	0	2	5	3	2:1	1	1
18691697738243	17	0	0	1	2	3	2:1	1	1
18695992836868	17	1	0	3	3	4	0:1,1:1,3:1	3	3
18696026194434	17	1	2	0	2	2	0:1	1	1
18695992838408	17	1	0	3	9	8	1:1,2:1	2	2
18691714451714	17	0	1	0	9	2	2:1,1:1	2	2
18695992705541	17	1	0	1	2	5	3:1	1	1
18691697804296	17	0	0	2	4	8	0:1,2:2	3	2
18691748005638	17	0	3	0	7	6	3:1,1:5	6	2
18696042972424	17	1	3	0	5	8	2:2,3:1	3	2
18695992772359	17	1	0	2	7	7	3:1,1:1,2:1	3	3
18691748005125	17	0	3	0	5	5	2:2	2	1
18696043169288	17	1	3	3	6	8	1:1,2:1	2	2
18691748005640	17	0	3	0	7	8	3:4	4	1
18695992642573	17	1	0	0	12	13	1:1	1	1
18691697803780	17	0	0	2	2	4	2:1	1	1
18691748005386	17	0	3	0	6	10	1:1,2:1	2	2
18691697739529	17	0	0	1	7	9	1:2	2	1
18696043104268	17	1	3	2	8	12	1:1	1	1
18695992640012	17	1	0	0	2	12	1:1	1	1
18695992836871	17	1	0	3	3	7	2:2,1:2	4	2
18691748204295	17	0	3	3	15	7	1:1	1	1
18691697869825	17	0	0	3	4	1	1:3,2:2	5	2
18691697740036	17	0	0	1	9	4	2:1,1:1	2	2
18696009417995	17	1	1	0	5	11	2:1	1	1
18696026392070	17	1	2	3	6	6	1:1	1	1
18691697805575	17	0	0	2	9	7	1:1	1	1
18695992705796	17	1	0	1	3	4	2:2	2	1
18696026391561	17	1	2	3	4	9	2:1,1:1	2	2
18696026195204	17	1	2	0	5	4	3:2	2	1
18696042971909	17	1	3	0	3	5	1:1,2:1	2	2
18691714646792	17	0	1	3	3	8	0:1,1:1	2	2
18695992836614	17	1	0	3	2	6	1:1	1	1
18696009419527	17	1	1	0	11	7	1:1	1	1
18691697738502	17	0	0	1	3	6	2:2	2	1
18696043170056	17	1	3	3	9	8	1:1	1	1
18695992642307	17	1	0	0	11	3	2:1,1:2	3	2
18691748005127	17	0	3	0	5	7	2:3	3	1
18695992837640	17	1	0	3	6	8	1:2,2:2	4	2
18695992642566	17	1	0	0	12	6	2:1	1	1
18691697672972	17	0	0	0	3	12	2:1,1:1	2	2
18696009419523	17	1	1	0	11	3	2:1	1	1
18695992642311	17	1	0	0	11	7	1:2	2	1
18691714450183	17	0	1	0	3	7	1:1	1	1
18691731424520	17	0	2	3	5	8	2:1	1	1
18691697804039	17	0	0	2	3	7	1:1	1	1
18696026195980	17	1	2	0	8	12	1:1	1	1
18691697674250	17	0	0	0	8	10	1:2	2	1
18696043168003	17	1	3	3	1	3	1:1	1	1
18691748005896	17	0	3	0	8	8	1:5	5	1
18691697674249	17	0	0	0	8	9	1:3	3	1
18691697871881	17	0	0	3	12	9	1:1	1	1
18691697739783	17	0	0	1	8	7	3:1,1:1	2	2
18691697803527	17	0	0	2	1	7	2:1	1	1
18691697675009	17	0	0	0	11	1	0:1	1	1
18696043170830	17	1	3	3	12	14	1:1	1	1
18695992643076	17	1	0	0	14	4	2:1	1	1
18696026194954	17	1	2	0	4	10	2:2	2	1
18691697869576	17	0	0	3	3	8	1:2	2	1
18691714450186	17	0	1	0	3	10	1:2	2	1
18691714648844	17	0	1	3	11	12	2:1	1	1
18696009419272	17	1	1	0	10	8	3:2	2	1
18691714452235	17	0	1	0	11	11	1:1	1	1
18696042971398	17	1	3	0	1	6	2:1	1	1
18695992640769	17	1	0	0	5	1	2:2	2	1
18691697869575	17	0	0	3	3	7	2:2,0:1,1:1,3:1	5	4
18691697870338	17	0	0	3	6	2	1:1,0:1	2	2
18696043104005	17	1	3	2	7	5	1:1	1	1
18696042971657	17	1	3	0	2	9	1:1	1	1
18696026195721	17	1	2	0	7	9	2:1,3:1	2	2
18696043040010	17	1	3	1	13	10	1:1	1	1
18695992837130	17	1	0	3	4	10	2:1,1:1	2	2
18695992640514	17	1	0	0	4	2	3:1,2:2,1:1	4	3
18691697869056	17	0	0	3	1	0	1:1	1	1
18691697804033	17	0	0	2	3	1	2:1	1	1
18696042973705	17	1	3	0	10	9	1:1	1	1
18691697740041	17	0	0	1	9	9	1:1,3:1	2	2
18696026327559	17	1	2	2	10	7	1:1	1	1
18696026195213	17	1	2	0	5	13	2:1	1	1
18695992772106	17	1	0	2	6	10	2:1	1	1
18695992838410	17	1	0	3	9	10	1:1	1	1
18691731360775	17	0	2	2	12	7	3:1	1	1
18691697675012	17	0	0	0	11	4	1:3,2:2	5	2
18691697806084	17	0	0	2	11	4	3:1	1	1
18691731229447	17	0	2	0	11	7	3:1	1	1
18691697675270	17	0	0	0	12	6	1:2	2	1
18695992641796	17	1	0	0	9	4	3:1,1:1	2	2
18691731424264	17	0	2	3	4	8	1:1,2:1	2	2
18691731358469	17	0	2	2	3	5	2:1	1	1
18695992836615	17	1	0	3	2	7	2:1	1	1
18691697741060	17	0	0	1	13	4	2:1	1	1
18695992707591	17	1	0	1	10	7	0:1	1	1
18691748202757	17	0	3	3	9	5	1:3	3	1
18691731229193	17	0	2	0	10	9	1:1	1	1
18691731227909	17	0	2	0	5	5	2:1	1	1
18695992837898	17	1	0	3	7	10	1:4,2:1	5	2
18691731426050	17	0	2	3	11	2	2:1	1	1
18696042974474	17	1	3	0	13	10	1:2	2	1
18691697871621	17	0	0	3	11	5	1:1	1	1
18691748203783	17	0	3	3	13	7	1:1	1	1
18695992639745	17	1	0	0	1	1	3:4	4	1
18695992839431	17	1	0	3	13	7	1:1,2:1	2	2
18691748003841	17	0	3	0	0	1	1:1	1	1
18696043104267	17	1	3	2	8	11	1:1	1	1
18691748203782	17	0	3	3	13	6	1:1	1	1
18695992770821	17	1	0	2	1	5	0:1	1	1
18691714450695	17	0	1	0	5	7	1:1	1	1
18691697673994	17	0	0	0	7	10	3:1,1:4	5	2
18695992838918	17	1	0	3	11	6	1:1	1	1
18691697806089	17	0	0	2	11	9	1:2	2	1
18695992706309	17	1	0	1	5	5	2:2	2	1
18691714451458	17	0	1	0	8	2	1:1,2:1	2	2
18696026325764	17	1	2	2	3	4	2:2,1:1	3	2
18691697673988	17	0	0	0	7	4	1:1,2:3,3:1,0:1	6	4
18691714451211	17	0	1	0	7	11	1:2	2	1
18696009418760	17	1	1	0	8	8	1:1	1	1
18691714517005	17	0	1	1	8	13	1:1	1	1
18695992707081	17	1	0	1	8	9	1:1,3:1	2	2
18691748201986	17	0	3	3	6	2	2:1	1	1
18691697739779	17	0	0	1	8	3	1:1	1	1
18696009417986	17	1	1	0	5	2	3:1	1	1
18691731228167	17	0	2	0	6	7	3:1	1	1
18691731227659	17	0	2	0	4	11	3:1	1	1
18696043169539	17	1	3	3	7	3	3:1	1	1
18696043171337	17	1	3	3	14	9	1:1	1	1
18691748203013	17	0	3	3	10	5	1:6	6	1
18696042972941	17	1	3	0	7	13	1:1,2:1	2	2
18696043168005	17	1	3	3	1	5	2:1	1	1
18696009483523	17	1	1	1	5	3	1:1	1	1
18691748203009	17	0	3	3	10	1	1:1	1	1
18691697804041	17	0	0	2	3	9	1:1	1	1
18691697672963	17	0	0	0	3	3	2:2,3:2,1:4	8	3
18691748136965	17	0	3	2	8	5	2:1	1	1
18696026196484	17	1	2	0	10	4	1:1	1	1
18696026391041	17	1	2	3	2	1	2:1	1	1
18691697806342	17	0	0	2	12	6	2:1	1	1
18691748136455	17	0	3	2	6	7	3:1	1	1
18696043038734	17	1	3	1	8	14	2:1	1	1
18691748136201	17	0	3	2	5	9	0:1	1	1
18691697738757	17	0	0	1	4	5	2:1	1	1
18696043168519	17	1	3	3	3	7	3:1	1	1
18695992771337	17	1	0	2	3	9	1:1	1	1
18691697804552	17	0	0	2	5	8	1:4,2:1	5	2
18691748201479	17	0	3	3	4	7	2:1,1:1	2	2
18691748071426	17	0	3	1	8	2	1:2	2	1
18691714516740	17	0	1	1	7	4	2:1	1	1
18695992640516	17	1	0	0	4	4	0:2	2	1
18691731358474	17	0	2	2	3	10	3:1,2:1	2	2
18695992837643	17	1	0	3	6	11	1:2,2:1	3	2
18696009418505	17	1	1	0	7	9	2:1	1	1
18691714517767	17	0	1	1	11	7	1:1	1	1
18695992641036	17	1	0	0	6	12	2:1	1	1
18691697871877	17	0	0	3	12	5	1:1	1	1
18695992707849	17	1	0	1	11	9	1:1	1	1
18691697672713	17	0	0	0	2	9	2:1,1:3	4	2
18695992642314	17	1	0	0	11	10	1:1,2:1	2	2
18696042972930	17	1	3	0	7	2	2:1	1	1
18691731229197	17	0	2	0	10	13	2:1	1	1
18691748137472	17	0	3	2	10	0	1:1	1	1
18695992773635	17	1	0	2	12	3	2:1	1	1
18691697674242	17	0	0	0	8	2	1:3,2:1	4	2
18695992706571	17	1	0	1	6	11	0:1,1:1,2:1	3	3
18691697672715	17	0	0	0	2	11	2:1,0:1	2	2
18696026194693	17	1	2	0	3	5	2:1	1	1
18695992639755	17	1	0	0	1	11	1:1	1	1
18691697805825	17	0	0	2	10	1	2:1	1	1
18691697675013	17	0	0	0	11	5	1:4,2:2	6	2
18691697869582	17	0	0	3	3	14	1:2	2	1
18691697672460	17	0	0	0	1	12	2:1	1	1
18691697804811	17	0	0	2	6	11	1:2	2	1
18695992705547	17	1	0	1	2	11	1:1	1	1
18691697674498	17	0	0	0	9	2	2:1,1:3	4	2
18696026391812	17	1	2	3	5	4	1:1,2:1	2	2
18691697739525	17	0	0	1	7	5	1:1	1	1
18691697740038	17	0	0	1	9	6	2:1	1	1
18691748202503	17	0	3	3	8	7	2:1	1	1
18691697805065	17	0	0	2	7	9	1:2,3:1	3	2
18696026326283	17	1	2	2	5	11	3:1	1	1
18691731227661	17	0	2	0	4	13	2:1	1	1
18696026194953	17	1	2	0	4	9	1:1	1	1
18691731295489	17	0	2	1	13	1	0:1	1	1
18696042973958	17	1	3	0	11	6	1:2,2:1	3	2
18691697675523	17	0	0	0	13	3	2:1	1	1
18691697871373	17	0	0	3	10	13	1:1	1	1
18691714451213	17	0	1	0	7	13	1:1	1	1
18691697674756	17	0	0	0	10	4	2:2	2	1
18691714451716	17	0	1	0	9	4	2:1	1	1
18695992773384	17	1	0	2	11	8	1:1	1	1
18691748070145	17	0	3	1	3	1	2:1	1	1
18691697673740	17	0	0	0	6	12	1:2	2	1
18691697673992	17	0	0	0	7	8	2:2,1:3	5	2
18691714452483	17	0	1	0	12	3	2:1	1	1
18696009418503	17	1	1	0	7	7	3:1	1	1
18691697675267	17	0	0	0	12	3	2:1,1:1	2	2
18695992706819	17	1	0	1	7	3	3:1	1	1
18691748007178	17	0	3	0	13	10	1:1	1	1
18691697805832	17	0	0	2	10	8	1:1,2:1,3:1	3	3
18691748006919	17	0	3	0	12	7	3:3	3	1
18691697673478	17	0	0	0	5	6	1:5,2:11	16	2
18696043171340	17	1	3	3	14	12	1:1	1	1
18691697675779	17	0	0	0	14	3	1:1	1	1
18695992837128	17	1	0	3	4	8	1:2,2:1	3	2
18691697804809	17	0	0	2	6	9	1:1	1	1
18691714515202	17	0	1	1	1	2	1:1	1	1
18695992772877	17	1	0	2	9	13	2:1	1	1
18691731228935	17	0	2	0	9	7	1:2,3:1	3	2
18691697870337	17	0	0	3	6	1	2:1	1	1
18696042972935	17	1	3	0	7	7	0:1,1:2,2:2,3:1	6	4
18691731230466	17	0	2	0	15	2	1:1	1	1
18691697803779	17	0	0	2	2	3	1:1	1	1
18691731229451	17	0	2	0	11	11	1:2	2	1
18691697740296	17	0	0	1	10	8	2:1,1:2	3	2
18696026196489	17	1	2	0	10	9	2:1	1	1
18691748201482	17	0	3	3	4	10	1:4,2:2	6	2
18691731360259	17	0	2	2	10	3	3:1,2:1	2	2
18691697672200	17	0	0	0	0	8	0:1	1	1
18695992705795	17	1	0	1	3	3	1:1	1	1
18696043169032	17	1	3	3	5	8	1:1	1	1
18691748004866	17	0	3	0	4	2	3:2,1:1,2:1	4	3
18696026195975	17	1	2	0	8	7	1:2	2	1
18691697804802	17	0	0	2	6	2	1:2,2:2	4	2
18695992838658	17	1	0	3	10	2	1:1	1	1
18691714515974	17	0	1	1	4	6	2:2	2	1
18691714450700	17	0	1	0	5	12	2:1,1:1	2	2
18691697740042	17	0	0	1	9	10	1:3	3	1
18696009419014	17	1	1	0	9	6	1:1	1	1
18695992837120	17	1	0	3	4	0	1:1	1	1
18695992641548	17	1	0	0	8	12	1:1	1	1
18691697804037	17	0	0	2	3	5	0:1	1	1
18691731227394	17	0	2	0	3	2	1:1	1	1
18691697871882	17	0	0	3	12	10	2:1	1	1
18691697675524	17	0	0	0	13	4	1:1	1	1
18691731228934	17	0	2	0	9	6	1:1	1	1
18691697673221	17	0	0	0	4	5	2:3,1:1,3:1	5	3
18696042972934	17	1	3	0	7	6	1:1,2:1	2	2
18696043103492	17	1	3	2	5	4	2:1	1	1
18695992771594	17	1	0	2	4	10	1:1	1	1
18695992837384	17	1	0	3	5	8	2:1,1:1	2	2
18696009418762	17	1	1	0	8	10	2:1	1	1
18691731360260	17	0	2	2	10	4	1:2	2	1
18691697674243	17	0	0	0	8	3	2:4,1:6,0:2	12	3
18695992641799	17	1	0	0	9	7	2:2,1:1	3	2
18695992771077	17	1	0	2	2	5	2:1	1	1
18691697803786	17	0	0	2	2	10	1:1	1	1
18695992641537	17	1	0	0	8	1	1:1,2:1	2	2
18695992642565	17	1	0	0	12	5	2:1	1	1
18691697674252	17	0	0	0	8	12	1:1,2:2	3	2
18696042972421	17	1	3	0	5	5	3:3,2:1,1:1	5	3
18691697672969	17	0	0	0	3	9	2:2,1:2,3:1,0:1	6	4
18691697674500	17	0	0	0	9	4	2:2,1:5,3:1	8	3
18691748069889	17	0	3	1	2	1	2:2	2	1
18691748007175	17	0	3	0	13	7	2:2	2	1
18691731227393	17	0	2	0	3	1	0:1	1	1
18696009418763	17	1	1	0	8	11	1:1	1	1
18696026196490	17	1	2	0	10	10	1:1	1	1
18691714450443	17	0	1	0	4	11	3:1	1	1
18695992640777	17	1	0	0	5	9	2:2,1:3	5	2
18691748135428	17	0	3	2	2	4	2:1	1	1
18691748072448	17	0	3	1	12	0	2:1	1	1
18691714515721	17	0	1	1	3	9	3:1	1	1
18691714450947	17	0	1	0	6	3	2:2	2	1
18696009616644	17	1	1	3	13	4	2:1	1	1
18696043170053	17	1	3	3	9	5	2:1	1	1
18696009417734	17	1	1	0	4	6	3:1	1	1
18696042971403	17	1	3	0	1	11	2:1	1	1
18696009615885	17	1	1	3	10	13	1:1	1	1
18696026194700	17	1	2	0	3	12	2:1	1	1
18691731292931	17	0	2	1	3	3	1:1	1	1
18691714450945	17	0	1	0	6	1	3:1	1	1
18691748202253	17	0	3	3	7	13	1:1	1	1
18691714449923	17	0	1	0	2	3	1:1	1	1
18691748135690	17	0	3	2	3	10	2:1	1	1
18696026195974	17	1	2	0	8	6	1:1,3:1	2	2
18691714648589	17	0	1	3	10	13	2:1	1	1
18696043104781	17	1	3	2	10	13	1:1	1	1
18691714647815	17	0	1	3	7	7	3:1	1	1
18696043169545	17	1	3	3	7	9	2:1,1:1	2	2
18691697674251	17	0	0	0	8	11	2:2,1:3	5	2
18691714515461	17	0	1	1	2	5	2:1	1	1
18691748007173	17	0	3	0	13	5	2:1	1	1
18691731359234	17	0	2	2	6	2	2:1	1	1
18696009419526	17	1	1	0	11	6	2:1,0:1,1:1	3	3
18691731359494	17	0	2	2	7	6	1:1	1	1
18691697673481	17	0	0	0	5	9	2:3,1:1	4	2
18691748004616	17	0	3	0	3	8	2:1,1:2	3	2
18691714451465	17	0	1	0	8	9	1:1	1	1
18691697870604	17	0	0	3	7	12	3:3	3	1
18696026195210	17	1	2	0	5	10	1:1	1	1
18691748201484	17	0	3	3	4	12	3:1	1	1
18696009417479	17	1	1	0	3	7	3:1	1	1
18691697672707	17	0	0	0	2	3	1:1,2:3	4	2
18696026326794	17	1	2	2	7	10	1:1	1	1
18691697871619	17	0	0	3	11	3	1:1	1	1
18695992640515	17	1	0	0	4	3	1:2,2:4	6	2
18691697739266	17	0	0	1	6	2	1:1,3:1	2	2
18691697674510	17	0	0	0	9	14	1:1	1	1
18691697869826	17	0	0	3	4	2	0:2,3:1,2:2,1:2	7	4
18691714581251	17	0	1	2	3	3	1:1	1	1
18696009416961	17	1	1	0	1	1	2:1	1	1
18696009417987	17	1	1	0	5	3	3:1	1	1
18691697870344	17	0	0	3	6	8	3:1,2:1	2	2
18691731358725	17	0	2	2	4	5	2:1	1	1
18691697740547	17	0	0	1	11	3	1:1	1	1
18691714516488	17	0	1	1	6	8	2:1	1	1
18696042973447	17	1	3	0	9	7	1:2	2	1
18695992641803	17	1	0	0	9	11	1:3	3	1
18691731228428	17	0	2	0	7	12	1:1	1	1
18691714646275	17	0	1	3	1	3	2:1	1	1
18691748137473	17	0	3	2	10	1	2:1	1	1
18695992639744	17	1	0	0	1	0	1:1	1	1
18695992639747	17	1	0	0	1	3	0:1,1:1	2	2
18691714450181	17	0	1	0	3	5	2:2,1:1	3	2
18691714581255	17	0	1	2	3	7	1:1	1	1
18695992838919	17	1	0	3	11	7	2:1,1:3	4	2
18695992640268	17	1	0	0	3	12	2:1,1:3	4	2
18696026391048	17	1	2	3	2	8	1:1	1	1
18695992641805	17	1	0	0	9	13	1:1	1	1
18691714452747	17	0	1	0	13	11	2:1	1	1
18695992643080	17	1	0	0	14	8	2:1	1	1
18695992641539	17	1	0	0	8	3	0:1,2:1	2	2
18691731227906	17	0	2	0	5	2	1:1	1	1
18691697869824	17	0	0	3	4	0	3:1	1	1
18696042973445	17	1	3	0	9	5	1:1	1	1
18696043170314	17	1	3	3	10	10	2:2	2	1
18691697674244	17	0	0	0	8	4	1:2,2:1	3	2
18691697870342	17	0	0	3	6	6	1:1	1	1
18691697673482	17	0	0	0	5	10	1:4,2:2	6	2
18691731293955	17	0	2	1	7	3	1:1	1	1
18695992641286	17	1	0	0	7	6	3:1,1:4,2:5	10	3
18691748004356	17	0	3	0	2	4	3:1,2:2,0:2,1:2	7	4
18696026195713	17	1	2	0	7	1	1:1	1	1
18691748006154	17	0	3	0	9	10	1:1	1	1
18691731228165	17	0	2	0	6	5	2:1	1	1
18691697870605	17	0	0	3	7	13	2:2	2	1
18696043170058	17	1	3	3	9	10	1:2	2	1
18696042972167	17	1	3	0	4	7	2:3	3	1
18691697869326	17	0	0	3	2	14	2:1	1	1
18696042971140	17	1	3	0	0	4	1:1	1	1
18695992641282	17	1	0	0	7	2	1:1,2:1	2	2
18696042974722	17	1	3	0	14	2	2:1	1	1
18691697738248	17	0	0	1	2	8	2:1,1:1	2	2
18691731358988	17	0	2	2	5	12	3:1	1	1
18691748203265	17	0	3	3	11	1	2:1	1	1
18695992641284	17	1	0	0	7	4	1:2,2:1	3	2
18691748005899	17	0	3	0	8	11	1:1	1	1
18695992771591	17	1	0	2	4	7	2:2	2	1
18695992706824	17	1	0	1	7	8	3:1	1	1
18691697870602	17	0	0	3	7	10	1:3,0:1,2:2	6	3
18691748202509	17	0	3	3	8	13	1:1	1	1
18696026392582	17	1	2	3	8	6	1:1	1	1
18695992772873	17	1	0	2	9	9	1:1	1	1
18696042971655	17	1	3	0	2	7	1:2	2	1
18691697740803	17	0	0	1	12	3	2:1	1	1
18696009417990	17	1	1	0	5	6	1:1	1	1
18691697806345	17	0	0	2	12	9	1:1,2:2	3	2
18696026392841	17	1	2	3	9	9	1:2	2	1
18696009417475	17	1	1	0	3	3	1:1	1	1
18696043170313	17	1	3	3	10	9	1:2	2	1
18691697674508	17	0	0	0	9	12	2:1	1	1
18691731228426	17	0	2	0	7	10	2:1	1	1
18696043037953	17	1	3	1	5	1	1:1	1	1
18691697674502	17	0	0	0	9	6	1:5,2:1	6	2
18695992771074	17	1	0	2	2	2	0:1	1	1
18696042973194	17	1	3	0	8	10	0:1,1:2	3	2
18691714582535	17	0	1	2	8	7	1:1	1	1
18695992837899	17	1	0	3	7	11	1:1	1	1
18695992707589	17	1	0	1	10	5	2:1	1	1
18691748007426	17	0	3	0	14	2	2:1	1	1
18691748005636	17	0	3	0	7	4	2:2,3:1,1:2	5	3
18696026195203	17	1	2	0	5	3	1:1,2:1,3:1	3	3
18696042974210	17	1	3	0	12	2	2:1	1	1
18695992838913	17	1	0	3	11	1	2:1	1	1
18691748006915	17	0	3	0	12	3	1:1	1	1
18695992705546	17	1	0	1	2	10	2:1	1	1
18691731228163	17	0	2	0	6	3	2:2,3:1	3	2
18691697805833	17	0	0	2	10	9	1:1	1	1
18696043039493	17	1	3	1	11	5	1:1	1	1
18691697673483	17	0	0	0	5	11	2:2,1:4	6	2
18691731425805	17	0	2	3	10	13	1:1	1	1
18691697675014	17	0	0	0	11	6	1:3,2:1	4	2
18696026194696	17	1	2	0	3	8	1:1	1	1
18696009551368	17	1	1	2	14	8	1:1	1	1
18691748201223	17	0	3	3	3	7	2:1	1	1
18691697740557	17	0	0	1	11	13	2:1	1	1
18691697673219	17	0	0	0	4	3	1:2,2:3,3:1	6	3
18691697673476	17	0	0	0	5	4	3:1,2:3,1:1	5	3
18695992641291	17	1	0	0	7	11	1:2	2	1
18691697740548	17	0	0	1	11	4	3:1	1	1
18696043104009	17	1	3	2	7	9	3:1	1	1
18691714582277	17	0	1	2	7	5	1:1	1	1
18695992706826	17	1	0	1	7	10	2:1	1	1
18691731227910	17	0	2	0	5	6	2:1	1	1
18691748204296	17	0	3	3	15	8	1:1	1	1
18691731292930	17	0	2	1	3	2	2:1	1	1
18691697739011	17	0	0	1	5	3	1:1,2:2	3	2
18691714449667	17	0	1	0	1	3	2:1,3:1	2	2
18691697804804	17	0	0	2	6	4	1:1	1	1
18691714582537	17	0	1	2	8	9	1:2	2	1
18691731226886	17	0	2	0	1	6	2:1	1	1
18691714451461	17	0	1	0	8	5	1:1	1	1
18691697673218	17	0	0	0	4	2	0:1,1:2,2:2	5	3
18691697673473	17	0	0	0	5	1	2:4	4	1
18691697869580	17	0	0	3	3	12	1:1	1	1
18696009418246	17	1	1	0	6	6	2:1	1	1
18691748201996	17	0	3	3	6	12	2:1	1	1
18691697674507	17	0	0	0	9	11	3:1,1:3,2:1	5	3
18691697674240	17	0	0	0	8	0	0:1	1	1
18691697804554	17	0	0	2	5	10	2:1	1	1
18691748202510	17	0	3	3	8	14	2:1	1	1
18691731359490	17	0	2	2	7	2	2:1,0:1	2	2
18691714450433	17	0	1	0	4	1	0:1	1	1
18691697738506	17	0	0	1	3	10	0:1	1	1
18691748202246	17	0	3	3	7	6	3:2,1:1	3	2
18696009550597	17	1	1	2	11	5	2:1,1:1	2	2
18691697805059	17	0	0	2	7	3	1:2,2:1	3	2
18691714451467	17	0	1	0	8	11	1:2	2	1
18691697739274	17	0	0	1	6	10	1:1,2:1	2	2
18691731358980	17	0	2	2	5	4	2:1	1	1
18691731228425	17	0	2	0	7	9	1:1	1	1
18696009614593	17	1	1	3	5	1	3:1	1	1
18691748071171	17	0	3	1	7	3	1:1	1	1
18691731425285	17	0	2	3	8	5	1:1,2:1	2	2
18691731227147	17	0	2	0	2	11	1:1	1	1
18695992640258	17	1	0	0	3	2	2:1,1:1,0:1	3	3
18695992837132	17	1	0	3	4	12	2:1	1	1
18695992641033	17	1	0	0	6	9	1:3,2:1	4	2
18691697804801	17	0	0	2	6	1	2:1	1	1
18691697869828	17	0	0	3	4	4	1:1,3:1,2:1	3	3
18691697740551	17	0	0	1	11	7	1:2	2	1
18691731424009	17	0	2	3	3	9	2:1	1	1
18691748005643	17	0	3	0	7	11	3:1,1:1	2	2
18696026326531	17	1	2	2	6	3	2:1	1	1
18691697674763	17	0	0	0	10	11	1:2	2	1
18696026194691	17	1	2	0	3	3	2:1	1	1
18691697738505	17	0	0	1	3	9	3:1	1	1
18691697869574	17	0	0	3	3	6	2:4,3:1,1:1,0:1	7	4
18691714451208	17	0	1	0	7	8	1:1,3:1	2	2
18691697675527	17	0	0	0	13	7	2:1	1	1
18695992641024	17	1	0	0	6	0	1:1	1	1
18696042972419	17	1	3	0	5	3	2:3	3	1
18691714451209	17	0	1	0	7	9	2:2	2	1
18691697673987	17	0	0	0	7	3	1:5,2:4,3:1	10	3
18695992837633	17	1	0	3	6	1	2:1	1	1
18691731227397	17	0	2	0	3	5	2:1	1	1
18696009418502	17	1	1	0	7	6	2:1	1	1
18695992837635	17	1	0	3	6	3	2:3	3	1
18695992641540	17	1	0	0	8	4	2:4,3:2,1:3	9	3
18691748006408	17	0	3	0	10	8	1:2	2	1
18691697739016	17	0	0	1	5	8	1:1	1	1
18691731424771	17	0	2	3	6	3	3:1	1	1
18695992642572	17	1	0	0	12	12	1:2	2	1
18695992642312	17	1	0	0	11	8	3:1,1:6	7	2
18691748201226	17	0	3	3	3	10	1:1	1	1
18691697673227	17	0	0	0	4	11	2:2,1:3	5	2
18696026195206	17	1	2	0	5	6	2:1	1	1
18691697805318	17	0	0	2	8	6	3:1	1	1
18691748137480	17	0	3	2	10	8	1:1,2:1	2	2
18696043169027	17	1	3	3	5	3	1:1,2:1	2	2
18695992640524	17	1	0	0	4	12	1:1	1	1
18691697739532	17	0	0	1	7	12	1:1	1	1
18696026392071	17	1	2	3	6	7	2:1	1	1
18696026196488	17	1	2	0	10	8	1:2,3:1	3	2
18691697869060	17	0	0	3	1	4	2:1	1	1
18696009615625	17	1	1	3	9	9	1:1	1	1
18695992773127	17	1	0	2	10	7	1:1	1	1
18696009548807	17	1	1	2	4	7	1:1	1	1
18691697675275	17	0	0	0	12	11	1:1	1	1
18695992705802	17	1	0	1	3	10	1:1	1	1
18696009614340	17	1	1	3	4	4	2:1	1	1
18691714582274	17	0	1	2	7	2	1:1	1	1
18696009419265	17	1	1	0	10	1	2:1	1	1
18691748201737	17	0	3	3	5	9	1:3	3	1
18691714450946	17	0	1	0	6	2	1:3	3	1
18696042972420	17	1	3	0	5	4	2:1	1	1
18696026194433	17	1	2	0	2	1	2:1	1	1
18695992707845	17	1	0	1	11	5	2:1	1	1
18691697675272	17	0	0	0	12	8	2:2,1:1	3	2
18696026196233	17	1	2	0	9	9	1:1	1	1
18691697870592	17	0	0	3	7	0	2:1	1	1
18695992771590	17	1	0	2	4	6	1:1	1	1
18691697871623	17	0	0	3	11	7	3:1,1:1	2	2
18696009418250	17	1	1	0	6	10	1:1	1	1
18691731425033	17	0	2	3	7	9	1:2,2:1	3	2
18695992772105	17	1	0	2	6	9	1:3	3	1
18691731227143	17	0	2	0	2	7	3:1	1	1
18691714516742	17	0	1	1	7	6	1:1	1	1
18691748071435	17	0	3	1	8	11	2:1	1	1
18691697673216	17	0	0	0	4	0	3:1	1	1
18691697672459	17	0	0	0	1	11	0:1	1	1
18695992838659	17	1	0	3	10	3	1:1	1	1
18696026325762	17	1	2	2	3	2	1:1	1	1
18691697872135	17	0	0	3	13	7	2:1	1	1
18691731423746	17	0	2	3	2	2	3:1	1	1
18695992837131	17	1	0	3	4	11	1:1,2:2	3	2
18691714582794	17	0	1	2	9	10	2:1	1	1
18696042972683	17	1	3	0	6	11	1:1	1	1
18691748202760	17	0	3	3	9	8	1:1	1	1
18696042974471	17	1	3	0	13	7	1:1,2:1	2	2
18696009614855	17	1	1	3	6	7	1:1	1	1
18691748200714	17	0	3	3	1	10	1:1	1	1
18691697870850	17	0	0	3	8	2	2:1	1	1
18691697870083	17	0	0	3	5	3	0:1,2:1,1:1	3	3
18695992639753	17	1	0	0	1	9	2:2	2	1
18691748203524	17	0	3	3	12	4	3:1	1	1
18695992708102	17	1	0	1	12	6	2:1	1	1
18696026195726	17	1	2	0	7	14	1:1	1	1
18691731227908	17	0	2	0	5	4	1:1,2:2	3	2
18691697739524	17	0	0	1	7	4	2:2	2	1
18691697675264	17	0	0	0	12	0	2:1	1	1
18691748006153	17	0	3	0	9	9	2:2,1:2	4	2
18696026196234	17	1	2	0	9	10	2:1,1:1	2	2
18696043170052	17	1	3	3	9	4	2:4,0:1,1:4	9	3
18696026196745	17	1	2	0	11	9	1:1	1	1
18691697672971	17	0	0	0	3	11	2:1,1:1	2	2
18691697673739	17	0	0	0	6	11	1:3,2:1	4	2
18695992639489	17	1	0	0	0	1	1:1	1	1
18691714647555	17	0	1	3	6	3	1:1	1	1
18696026262027	17	1	2	1	10	11	1:1	1	1
18691697740298	17	0	0	1	10	10	1:1	1	1
18696009419782	17	1	1	0	12	6	1:1	1	1
18691748203015	17	0	3	3	10	7	2:1	1	1
18695992837377	17	1	0	3	5	1	1:2,2:1	3	2
18691697673224	17	0	0	0	4	8	1:2,2:1	3	2
18691748202244	17	0	3	3	7	4	1:1,2:1	2	2
18691748005635	17	0	3	0	7	3	3:1,2:2,0:1,1:1	5	4
18695992641290	17	1	0	0	7	10	1:4,2:2	6	2
18695992771842	17	1	0	2	5	2	0:1	1	1
18696009417220	17	1	1	0	2	4	1:2	2	1
18695992707080	17	1	0	1	8	8	1:1	1	1
18696042972418	17	1	3	0	5	2	1:1,2:3	4	2
18691714450434	17	0	1	0	4	2	1:1	1	1
18691731293448	17	0	2	1	5	8	2:1	1	1
18696042971915	17	1	3	0	3	11	1:1,2:1	2	2
18695992771845	17	1	0	2	5	5	3:1	1	1
18695992773125	17	1	0	2	10	5	1:1	1	1
18691697871369	17	0	0	3	10	9	1:1	1	1
18691748005121	17	0	3	0	5	1	2:1	1	1
18691697673225	17	0	0	0	4	9	3:1,2:2,1:5	8	3
18691697673480	17	0	0	0	5	8	1:1,2:3	4	2
18695992837644	17	1	0	3	6	12	1:1	1	1
18695992772098	17	1	0	2	6	2	1:1	1	1
18696043168521	17	1	3	3	3	9	1:2	2	1
18696009419525	17	1	1	0	11	5	2:1	1	1
18696009483013	17	1	1	1	3	5	1:1	1	1
18695992772618	17	1	0	2	8	10	3:1,1:2	3	2
18695992640513	17	1	0	0	4	1	2:2	2	1
18695992836620	17	1	0	3	2	12	2:1	1	1
18691697739787	17	0	0	1	8	11	1:1	1	1
18691731229702	17	0	2	0	12	6	1:1	1	1
18696026392579	17	1	2	3	8	3	1:1,0:1,2:1	3	3
18696042973701	17	1	3	0	10	5	2:1	1	1
18691714451978	17	0	1	0	10	10	1:1	1	1
18691731424004	17	0	2	3	3	4	3:1	1	1
18696042972675	17	1	3	0	6	3	1:1,3:1	2	2
18691714450182	17	0	1	0	3	6	2:1	1	1
18691697869319	17	0	0	3	2	7	1:1,3:1,0:1	3	3
18691714648070	17	0	1	3	8	6	3:1	1	1
18696043168777	17	1	3	3	4	9	1:4,0:1,2:4	9	3
18695992771331	17	1	0	2	3	3	2:1	1	1
18691731294726	17	0	2	1	10	6	2:1	1	1
18691748004105	17	0	3	0	1	9	1:1	1	1
18691748006150	17	0	3	0	9	6	2:1,1:4	5	2
18691748007436	17	0	3	0	14	12	1:1	1	1
18695992642305	17	1	0	0	11	1	1:1	1	1
18691731227400	17	0	2	0	3	8	1:1	1	1
18696009418761	17	1	1	0	8	9	1:1	1	1
18691697673741	17	0	0	0	6	13	2:1	1	1
18691714451206	17	0	1	0	7	6	1:2	2	1
18695992838153	17	1	0	3	8	9	1:1	1	1
18695992640008	17	1	0	0	2	8	2:3	3	1
18696042972685	17	1	3	0	6	13	3:1	1	1
18696026391303	17	1	2	3	3	7	1:3	3	1
18691697672456	17	0	0	0	1	8	1:2,2:2	4	2
18696026261518	17	1	2	1	8	14	1:1	1	1
18695992771330	17	1	0	2	3	2	2:1	1	1
18695992705290	17	1	0	1	1	10	2:1	1	1
18691731227399	17	0	2	0	3	7	1:2,2:1	3	2
18691748201741	17	0	3	3	5	13	2:1	1	1
18696043170308	17	1	3	3	10	4	1:1	1	1
18691714451719	17	0	1	0	9	7	1:2	2	1
18691714452229	17	0	1	0	11	5	1:2,2:3	5	2
18695992642820	17	1	0	0	13	4	1:1,2:2	3	2
18691731227402	17	0	2	0	3	10	2:1,1:1	2	2
18696026195722	17	1	2	0	7	10	1:1	1	1
18691748202759	17	0	3	3	9	7	1:1	1	1
18695992641026	17	1	0	0	6	2	1:2,2:3,3:1	6	3
18691697806091	17	0	0	2	11	11	1:2	2	1
18691748203267	17	0	3	3	11	3	2:2,1:2	4	2
18691731359239	17	0	2	2	6	7	1:1	1	1
18691748071427	17	0	3	1	8	3	1:1,0:1	2	2
18695992773124	17	1	0	2	10	4	2:2	2	1
18695992837892	17	1	0	3	7	4	2:3	3	1
18696026197000	17	1	2	0	12	8	2:1	1	1
18691697871876	17	0	0	3	12	4	1:1	1	1
18691697673985	17	0	0	0	7	1	3:1,1:2	3	2
18691714450950	17	0	1	0	6	6	1:3,2:1	4	2
18691748005132	17	0	3	0	5	12	1:1	1	1
18691697805834	17	0	0	2	10	10	1:1	1	1
18691748006406	17	0	3	0	10	6	2:2,1:3	5	2
18691697870595	17	0	0	3	7	3	1:1,2:2	3	2
18696043169283	17	1	3	3	6	3	2:1	1	1
18691697673729	17	0	0	0	6	1	2:1	1	1
18695992837124	17	1	0	3	4	4	2:1	1	1
18691731425030	17	0	2	3	7	6	3:1	1	1
18691731423498	17	0	2	3	1	10	2:1	1	1
18691697738497	17	0	0	1	3	1	2:1,3:1	2	2
18691748202505	17	0	3	3	8	9	1:1	1	1
18695992642563	17	1	0	0	12	3	2:1,1:3	4	2
18691748005890	17	0	3	0	8	2	1:1	1	1
18691714647041	17	0	1	3	4	1	0:1	1	1
18696043169797	17	1	3	3	8	5	1:1	1	1
18696009419019	17	1	1	0	9	11	1:1	1	1
18696026194949	17	1	2	0	4	5	1:1,2:1	2	2
18696026196230	17	1	2	0	9	6	1:3	3	1
18691714450438	17	0	1	0	4	6	1:1	1	1
18691748005639	17	0	3	0	7	7	3:1,1:3,2:1	5	3
18691748004867	17	0	3	0	4	3	1:1,2:1	2	2
18691731293191	17	0	2	1	4	7	2:1	1	1
18691697673733	17	0	0	0	6	5	2:11,1:5	16	2
18691731423495	17	0	2	3	1	7	1:1	1	1
18696042973198	17	1	3	0	8	14	1:1	1	1
18691697806602	17	0	0	2	13	10	2:1	1	1
18691748004364	17	0	3	0	2	12	1:1,2:1	2	2
18691748136962	17	0	3	2	8	2	2:1	1	1
18691748006409	17	0	3	0	10	9	1:1	1	1
18696042974214	17	1	3	0	12	6	1:1	1	1
18691697673984	17	0	0	0	7	0	2:1	1	1
18696026195716	17	1	2	0	7	4	2:2	2	1
18691697805827	17	0	0	2	10	3	2:1,1:1	2	2
18691748004615	17	0	3	0	3	7	1:1,2:2	3	2
18691714516484	17	0	1	1	6	4	2:2	2	1
18695992640775	17	1	0	0	5	7	2:1,1:2	3	2
18691748004357	17	0	3	0	2	5	1:1,2:2	3	2
18691748136200	17	0	3	2	5	8	1:1,2:1	2	2
18691714582276	17	0	1	2	7	4	2:1	1	1
18691714451971	17	0	1	0	10	3	0:1	1	1
18691714452230	17	0	1	0	11	6	1:1,2:1	2	2
18691697673730	17	0	0	0	6	2	0:1,1:2,2:2	5	3
18696026326282	17	1	2	2	5	10	1:1	1	1
18696026391815	17	1	2	3	5	7	1:1	1	1
18691731228676	17	0	2	0	8	4	0:1,2:2	3	2
18691748201735	17	0	3	3	5	7	1:1	1	1
18691697871368	17	0	0	3	10	8	1:5	5	1
18695992836622	17	1	0	3	2	14	2:1	1	1
18696042972684	17	1	3	0	6	12	1:1,2:1	2	2
18691714452227	17	0	1	0	11	3	1:1	1	1
18696043170564	17	1	3	3	11	4	2:1	1	1
18695992838407	17	1	0	3	9	7	2:3,1:2	5	2
18691697672196	17	0	0	0	0	4	3:1	1	1
18696026260486	17	1	2	1	4	6	1:1	1	1
18691697675015	17	0	0	0	11	7	2:1,1:1	2	2
18691697675019	17	0	0	0	11	11	2:2,1:2	4	2
18695992640270	17	1	0	0	3	14	2:2	2	1
18695992640013	17	1	0	0	2	13	3:1	1	1
18695992837896	17	1	0	3	7	8	2:4,1:3	7	2
18691731292679	17	0	2	1	2	7	1:1	1	1
18695992641542	17	1	0	0	8	6	1:3,2:3,3:1	7	3
18691697675526	17	0	0	0	13	6	2:1	1	1
18691697674755	17	0	0	0	10	3	3:2,1:5,2:2	9	3
18691714451210	17	0	1	0	7	10	1:1	1	1
18695992707590	17	1	0	1	10	6	1:1	1	1
18691748069891	17	0	3	1	2	3	0:1,2:1	2	2
18696042973188	17	1	3	0	8	4	1:2,2:1	3	2
18691697870346	17	0	0	3	6	10	2:2,1:3	5	2
18696009417994	17	1	1	0	5	10	2:1	1	1
18691697738760	17	0	0	1	4	8	1:1,0:1	2	2
18691748005637	17	0	3	0	7	5	1:1,2:1,3:1	3	3
18691697675018	17	0	0	0	11	10	1:2	2	1
18695992640267	17	1	0	0	3	11	1:2,2:1	3	2
18691731227913	17	0	2	0	5	9	3:1	1	1
18695992642054	17	1	0	0	10	6	2:2,3:1	3	2
18691714646274	17	0	1	3	1	2	2:2	2	1
18696042971907	17	1	3	0	3	3	2:1,1:1	2	2
18691697870857	17	0	0	3	8	9	2:2	2	1
18696043104521	17	1	3	2	9	9	1:2	2	1
18691748006405	17	0	3	0	10	5	2:1	1	1
18691697805829	17	0	0	2	10	5	2:1	1	1
18691748072708	17	0	3	1	13	4	2:1	1	1
18691748069644	17	0	3	1	1	12	2:1	1	1
18696026196997	17	1	2	0	12	5	2:1	1	1
18691697870087	17	0	0	3	5	7	1:1,2:1,3:1	3	3
18691748200966	17	0	3	3	2	6	2:1	1	1
18691714516747	17	0	1	1	7	11	1:1	1	1
18695992836353	17	1	0	3	1	1	2:1,0:1	2	2
18691748136705	17	0	3	2	7	1	1:1	1	1
18691748005634	17	0	3	0	7	2	1:1,3:1,0:1	3	3
18695992837386	17	1	0	3	5	10	2:1	1	1
18691748007169	17	0	3	0	13	1	1:1	1	1
18691748137220	17	0	3	2	9	4	1:1	1	1
18696042974212	17	1	3	0	12	4	2:1	1	1
18691731293960	17	0	2	1	7	8	1:1	1	1
18691714451717	17	0	1	0	9	5	1:2	2	1
18691731228170	17	0	2	0	6	10	1:1	1	1
18691697805320	17	0	0	2	8	8	1:1,2:1,3:1	3	3
18691748005892	17	0	3	0	8	4	2:2,1:3,3:3	8	3
18696009550339	17	1	1	2	10	3	0:1	1	1
18696043038733	17	1	3	1	8	13	1:1	1	1
18691731228678	17	0	2	0	8	6	1:1	1	1
18691697805067	17	0	0	2	7	11	3:1	1	1
18691748005897	17	0	3	0	8	9	1:2,2:2	4	2
18696026392328	17	1	2	3	7	8	1:1	1	1
18691697675265	17	0	0	0	12	1	2:1	1	1
18691748070921	17	0	3	1	6	9	3:1	1	1
18696043168776	17	1	3	3	4	8	2:1	1	1
18691714582533	17	0	1	2	8	5	2:1	1	1
18695992837895	17	1	0	3	7	7	1:2,2:2,0:1,3:1	6	4
18691714647048	17	0	1	3	4	8	2:2	2	1
18691697674241	17	0	0	0	8	1	1:2,2:2	4	2
18691748006916	17	0	3	0	12	4	2:1	1	1
18696042972681	17	1	3	0	6	9	2:1	1	1
18691697739020	17	0	0	1	5	12	2:1	1	1
18695992836865	17	1	0	3	3	1	1:1,2:1	2	2
18695992771589	17	1	0	2	4	5	3:2	2	1
18691697737988	17	0	0	1	1	4	0:1	1	1
18691748005126	17	0	3	0	5	6	2:2	2	1
18691697803781	17	0	0	2	2	5	1:1	1	1
18691714449668	17	0	1	0	1	4	1:1	1	1
18695992838915	17	1	0	3	11	3	1:1,2:1	2	2
18691748202247	17	0	3	3	7	7	3:2,1:2	4	2
18696042973192	17	1	3	0	8	8	1:2	2	1
18696026194438	17	1	2	0	2	6	1:1	1	1
18691697740554	17	0	0	1	11	10	1:1	1	1
18691748201477	17	0	3	3	4	5	3:1,2:2	3	2
18696043168257	17	1	3	3	2	1	3:1	1	1
18691748201990	17	0	3	3	6	6	1:2	2	1
18695992838921	17	1	0	3	11	9	1:2	2	1
18695992837123	17	1	0	3	4	3	0:1	1	1
18696009550602	17	1	1	2	11	10	1:1	1	1
18696009419016	17	1	1	0	9	8	3:1,1:1	2	2
18696042971658	17	1	3	0	2	10	1:1	1	1
18691748004359	17	0	3	0	2	7	1:1	1	1
18691714515457	17	0	1	1	2	1	1:1	1	1
18691748005128	17	0	3	0	5	8	2:1	1	1
18695992705538	17	1	0	1	2	2	1:1	1	1
18691697871113	17	0	0	3	9	9	1:2,2:2	4	2
18691731227654	17	0	2	0	4	6	1:1	1	1
18691748004865	17	0	3	0	4	1	2:1	1	1
18695992640770	17	1	0	0	5	2	3:2,2:2	4	2
18691697674501	17	0	0	0	9	5	1:1,2:3	4	2
18696043169538	17	1	3	3	7	2	2:1	1	1
18691731425549	17	0	2	3	9	13	3:1	1	1
18696026195460	17	1	2	0	6	4	1:1	1	1
18691731358979	17	0	2	2	5	3	2:1	1	1
18691697869315	17	0	0	3	2	3	2:1,1:1	2	2
18691697740802	17	0	0	1	12	2	1:1	1	1
18691697674505	17	0	0	0	9	9	1:6	6	1
18695992641797	17	1	0	0	9	5	1:3,2:2	5	2
18695992772875	17	1	0	2	9	11	1:1	1	1
18691697675531	17	0	0	0	13	11	1:1	1	1
18691748135689	17	0	3	2	3	9	3:1	1	1
18695992707082	17	1	0	1	8	10	3:2	2	1
18691748004609	17	0	3	0	3	1	1:2,0:1	3	2
18695992640522	17	1	0	0	4	10	1:1,2:2	3	2
18691697673738	17	0	0	0	6	10	2:4,1:4	8	2
18691748203525	17	0	3	3	12	5	1:1	1	1
18691697674248	17	0	0	0	8	8	1:2	2	1
18691748201732	17	0	3	3	5	4	2:2,3:1	3	2
18691748201736	17	0	3	3	5	8	1:2	2	1
18691697672716	17	0	0	0	2	12	2:3,1:1	4	2
18696026260490	17	1	2	1	4	10	2:1	1	1
18696026194183	17	1	2	0	1	7	2:2	2	1
18695992640518	17	1	0	0	4	6	2:4,3:3,1:4,0:2	13	4
18696009484289	17	1	1	1	8	1	1:1	1	1
18696026195205	17	1	2	0	5	5	3:1	1	1
18695992836866	17	1	0	3	3	2	2:3,1:1	4	2
18696042974472	17	1	3	0	13	8	1:1	1	1
18691697870089	17	0	0	3	5	9	2:1,1:2	3	2
18691748005123	17	0	3	0	5	3	3:1,1:1,2:2	4	3
18696009418759	17	1	1	0	8	7	3:1	1	1
18696026194181	17	1	2	0	1	5	2:1	1	1
18691697806858	17	0	0	2	14	10	1:1	1	1
18696043168772	17	1	3	3	4	4	1:2	2	1
18696026391306	17	1	2	3	3	10	1:2	2	1
18695992640262	17	1	0	0	3	6	3:1,1:4,2:1	6	3
18691697740294	17	0	0	1	10	6	1:1	1	1
18691731426058	17	0	2	3	11	10	1:1	1	1
18695992641035	17	1	0	0	6	11	1:1	1	1
18691714450949	17	0	1	0	6	5	1:1	1	1
18696042971908	17	1	3	0	3	4	0:1	1	1
18691697872647	17	0	0	3	15	7	1:1	1	1
18696009615882	17	1	1	3	10	10	1:1	1	1
18695992642562	17	1	0	0	12	2	1:1	1	1
18691697675021	17	0	0	0	11	13	1:1	1	1
18691748201731	17	0	3	3	5	3	3:1	1	1
18695992640523	17	1	0	0	4	11	1:2	2	1
18691697804810	17	0	0	2	6	10	0:1,2:3,1:2	6	3
18696026325766	17	1	2	2	3	6	2:1	1	1
18691731293702	17	0	2	1	6	6	2:1	1	1
18695992837382	17	1	0	3	5	6	2:1,1:2	3	2
18691748203523	17	0	3	3	12	3	3:1	1	1
18696042973959	17	1	3	0	11	7	1:1	1	1
18691748201228	17	0	3	3	3	12	3:1	1	1
18696026260738	17	1	2	1	5	2	0:1	1	1
18691731424006	17	0	2	3	3	6	1:1	1	1
18691697672199	17	0	0	0	0	7	2:1	1	1
18696043169033	17	1	3	3	5	9	2:1	1	1
18691748135686	17	0	3	2	3	6	3:1	1	1
18691697737987	17	0	0	1	1	3	1:1	1	1
18691714648334	17	0	1	3	9	14	1:1	1	1
18696043169798	17	1	3	3	8	6	2:1,1:1	2	2
18696042973195	17	1	3	0	8	11	1:1	1	1
18691714516998	17	0	1	1	8	6	2:1	1	1
18691714451975	17	0	1	0	10	7	3:1	1	1
18695992772360	17	1	0	2	7	8	1:2	2	1
18696026262540	17	1	2	1	12	12	2:1	1	1
18691731228936	17	0	2	0	9	8	1:2	2	1
18696043168520	17	1	3	3	3	8	1:1	1	1
18695992641028	17	1	0	0	6	4	0:2,2:4,3:3,1:4	13	4
18696026261252	17	1	2	1	7	4	1:1	1	1
18691697673731	17	0	0	0	6	3	3:4,1:4,2:7	15	3
18695992640525	17	1	0	0	4	13	1:1,2:2	3	2
18691714451979	17	0	1	0	10	11	1:1	1	1
18691714646277	17	0	1	3	1	5	2:1	1	1
18695992642052	17	1	0	0	10	4	2:2,1:1	3	2
18695992706827	17	1	0	1	7	11	1:1	1	1
18695992640774	17	1	0	0	5	6	1:1	1	1
18691697741063	17	0	0	1	13	7	1:1	1	1
18696026196231	17	1	2	0	9	7	2:1	1	1
18695992643331	17	1	0	0	15	3	3:1	1	1
18691731227141	17	0	2	0	2	5	2:1	1	1
18696009484043	17	1	1	1	7	11	3:1	1	1
18696009549835	17	1	1	2	8	11	1:1	1	1
18691714451202	17	0	1	0	7	2	3:1,0:1	2	2
18691697870599	17	0	0	3	7	7	1:3,3:1,2:1	5	3
18691714646786	17	0	1	3	3	2	0:1,2:1	2	2
18695992836610	17	1	0	3	2	2	2:1	1	1
18695992640520	17	1	0	0	4	8	3:2,1:3,2:4	9	3
18695992773634	17	1	0	2	12	2	1:1	1	1
18695992640776	17	1	0	0	5	8	3:1,2:1,1:3	5	3
18691748006148	17	0	3	0	9	4	2:1,1:1	2	2
18691748137223	17	0	3	2	9	7	1:2,2:1	3	2
18691697804548	17	0	0	2	5	4	2:2,1:1	3	2
18691697740295	17	0	0	1	10	7	1:1	1	1
18691697869314	17	0	0	3	2	2	1:1,0:1,2:3	5	3
18696026262280	17	1	2	1	11	8	1:1	1	1
18695992705797	17	1	0	1	3	5	3:1	1	1
18691714648326	17	0	1	3	9	6	3:1	1	1
18691714452487	17	0	1	0	12	7	1:1	1	1
18691697869316	17	0	0	3	2	4	3:2,1:1,2:1	4	3
18691697739265	17	0	0	1	6	1	2:1	1	1
18696009418500	17	1	1	0	7	4	2:1	1	1
18696026196487	17	1	2	0	10	7	2:1	1	1
18695992772874	17	1	0	2	9	10	2:1	1	1
18695992642818	17	1	0	0	13	2	3:1	1	1
18691731360773	17	0	2	2	12	5	3:1	1	1
18691697739273	17	0	0	1	6	9	2:1,3:1	2	2
18695992837645	17	1	0	3	6	13	2:1	1	1
18691748201221	17	0	3	3	3	5	3:1	1	1
18691697673479	17	0	0	0	5	7	1:4,2:2,3:1	7	3
18691697738246	17	0	0	1	2	6	1:3	3	1
18691714647818	17	0	1	3	7	10	2:1	1	1
18695992706305	17	1	0	1	5	1	2:1	1	1
18691697803791	17	0	0	2	2	15	1:1	1	1
18691714450441	17	0	1	0	4	9	1:1,2:1	2	2
18691714451460	17	0	1	0	8	4	1:1,0:1	2	2
18695992837637	17	1	0	3	6	5	3:1	1	1
18691697739528	17	0	0	1	7	8	1:1,2:2,3:1	4	3
18695992706050	17	1	0	1	4	2	1:2	2	1
18696043103245	17	1	3	2	4	13	2:1	1	1
18691748069636	17	0	3	1	1	4	0:1	1	1
18691697675011	17	0	0	0	11	3	1:1,2:1	2	2
18691697870601	17	0	0	3	7	9	2:2,1:6	8	2
18691748071175	17	0	3	1	7	7	3:1	1	1
18691748005891	17	0	3	0	8	3	1:2	2	1
18695992706566	17	1	0	1	6	6	2:1	1	1
18696043169799	17	1	3	3	8	7	1:2	2	1
18691697869061	17	0	0	3	1	5	2:1	1	1
18691697805831	17	0	0	2	10	7	2:1	1	1
18691714580995	17	0	1	2	2	3	2:1	1	1
18691697740806	17	0	0	1	12	6	1:1,2:1	2	2
18696026393860	17	1	2	3	13	4	2:1	1	1
18695992705800	17	1	0	1	3	8	2:1	1	1
18691697870855	17	0	0	3	8	7	3:4	4	1
18691731229185	17	0	2	0	10	1	1:1	1	1
18691748004871	17	0	3	0	4	7	2:1,3:1	2	2
18691748201997	17	0	3	3	6	13	1:1	1	1
18691748137229	17	0	3	2	9	13	2:1	1	1
18691714516487	17	0	1	1	6	7	1:1	1	1
18696026197513	17	1	2	0	14	9	2:1	1	1
18691714450180	17	0	1	0	3	4	1:1,2:1	2	2
18695992641541	17	1	0	0	8	5	3:1,1:3,2:1	5	3
18695992639749	17	1	0	0	1	5	2:2	2	1
18696026194946	17	1	2	0	4	2	1:1	1	1
