A1L453	S1_serine_protease	AF-A1L453-F1-model_v4.pdb	his@96	ser@239	326
A6NIE9	S1_serine_protease	AF-A6NIE9-F1-model_v4.pdb	his@110	ser@256	313
O15393	S1_serine_protease	AF-O15393-F1-model_v4.pdb	his@292	ser@435	492
O60235	S1_serine_protease	AF-O60235-F1-model_v4.pdb	his@223	ser@362	418
O60259	S1_serine_protease	AF-O60259-F1-model_v4.pdb	his@69	ser@206	260
P00734	S1_serine_protease	AF-P00734-F1-model_v4.pdb	his@402	ser@562	622
P00740	S1_serine_protease	AF-P00740-F1-model_v4.pdb	his@263	ser@405	461
P00742	S1_serine_protease	AF-P00742-F1-model_v4.pdb	his@272	ser@413	488
P00746	S1_serine_protease	AF-P00746-F1-model_v4.pdb	his@62	ser@202	253
P00747	S1_serine_protease	AF-P00747-F1-model_v4.pdb	his@618	ser@754	810
P00748	S1_serine_protease	AF-P00748-F1-model_v4.pdb	his@408	ser@557	615
P00749	S1_serine_protease	AF-P00749-F1-model_v4.pdb	his@220	ser@370	431
P00750	S1_serine_protease	AF-P00750-F1-model_v4.pdb	his@353	ser@507	562
P00751	S1_serine_protease	AF-P00751-F1-model_v4.pdb	his@522	ser@693	764
P03951	S1_serine_protease	AF-P03951-F1-model_v4.pdb	his@427	ser@569	625
P03952	S1_serine_protease	AF-P03952-F1-model_v4.pdb	his@430	ser@572	638
P04070	S1_serine_protease	AF-P04070-F1-model_v4.pdb	his@249	ser@396	461
P05156	S1_serine_protease	AF-P05156-F1-model_v4.pdb	his@376	ser@519	583
P05981	S1_serine_protease	AF-P05981-F1-model_v4.pdb	his@199	ser@347	417
P06681	S1_serine_protease	AF-P06681-F1-model_v4.pdb	his@503	ser@673	752
P06870	S1_serine_protease	AF-P06870-F1-model_v4.pdb	his@61	ser@208	262
P07288	S1_serine_protease	AF-P07288-F1-model_v4.pdb	his@61	ser@207	261
P07477	S1_serine_protease	AF-P07477-F1-model_v4.pdb	his@59	ser@194	247
P07478	S1_serine_protease	AF-P07478-F1-model_v4.pdb	his@59	ser@194	247
P08217	S1_serine_protease	AF-P08217-F1-model_v4.pdb	his@69	ser@210	269
P08218	S1_serine_protease	AF-P08218-F1-model_v4.pdb	his@69	ser@210	269
P08246	S1_serine_protease	AF-P08246-F1-model_v4.pdb	his@66	ser@196	267
P08311	S1_serine_protease	AF-P08311-F1-model_v4.pdb	his@60	ser@195	255
P08519	S1_serine_protease	AF-P08519-F17-model_v4.pdb	his@1165	ser@1292	1348
P08709	S1_serine_protease	AF-P08709-F1-model_v4.pdb	his@249	ser@398	466
P08861	S1_serine_protease	AF-P08861-F1-model_v4.pdb	his@69	ser@211	270
P09093	S1_serine_protease	AF-P09093-F1-model_v4.pdb	his@69	ser@211	270
P0CW18	S1_serine_protease	AF-P0CW18-F1-model_v4.pdb	his@141	ser@280	603
P10144	S1_serine_protease	AF-P10144-F1-model_v4.pdb	his@60	ser@197	247
P10323	S1_serine_protease	AF-P10323-F1-model_v4.pdb	his@84	ser@234	421
P12544	S1_serine_protease	AF-P12544-F1-model_v4.pdb	his@65	ser@206	262
P17538	S1_serine_protease	AF-P17538-F1-model_v4.pdb	his@71	ser@207	263
P20151	S1_serine_protease	AF-P20151-F1-model_v4.pdb	his@61	ser@207	261
P20231	S1_serine_protease	AF-P20231-F1-model_v4.pdb	his@70	ser@218	275
P20718	S1_serine_protease	AF-P20718-F1-model_v4.pdb	his@60	ser@196	246
P23946	S1_serine_protease	AF-P23946-F1-model_v4.pdb	his@62	ser@197	247
P24158	S1_serine_protease	AF-P24158-F1-model_v4.pdb	his@67	ser@197	256
P40313	S1_serine_protease	AF-P40313-F1-model_v4.pdb	his@71	ser@208	264
P48740	S1_serine_protease	AF-P48740-F1-model_v4.pdb	his@486	ser@640	699
P49862	S1_serine_protease	AF-P49862-F1-model_v4.pdb	his@66	ser@199	253
P49863	S1_serine_protease	AF-P49863-F1-model_v4.pdb	his@63	ser@208	264
P51124	S1_serine_protease	AF-P51124-F1-model_v4.pdb	his@62	ser@201	257
P56730	S1_serine_protease	AF-P56730-F1-model_v4.pdb	his@672	ser@819	875
P57727	S1_serine_protease	AF-P57727-F1-model_v4.pdb	his@253	ser@395	454
P98073	S1_serine_protease	AF-P98073-F1-model_v4.pdb	his@821	ser@965	1019
Q04756	S1_serine_protease	AF-Q04756-F1-model_v4.pdb	his@443	ser@592	655
Q14520	S1_serine_protease	AF-Q14520-F1-model_v4.pdb	his@358	ser@503	560
Q15661	S1_serine_protease	AF-Q15661-F1-model_v4.pdb	his@70	ser@218	275
Q16651	S1_serine_protease	AF-Q16651-F1-model_v4.pdb	his@81	ser@232	343
Q2L4Q9	S1_serine_protease	AF-Q2L4Q9-F1-model_v4.pdb	his@73	ser@218	553
Q5K4E3	S1_serine_protease	AF-Q5K4E3-F1-model_v4.pdb	his@83	ser@237	855
Q6GPI1	S1_serine_protease	AF-Q6GPI1-F1-model_v4.pdb	his@71	ser@207	263
Q6UWB4	S1_serine_protease	AF-Q6UWB4-F1-model_v4.pdb	his@104	ser@244	352
Q6ZMR5	S1_serine_protease	AF-Q6ZMR5-F1-model_v4.pdb	his@226	ser@365	421
Q6ZWK6	S1_serine_protease	AF-Q6ZWK6-F1-model_v4.pdb	his@244	ser@383	438
Q7RTY5	S1_serine_protease	AF-Q7RTY5-F1-model_v4.pdb	his@64	ser@214	328
Q7RTY7	S1_serine_protease	AF-Q7RTY7-F1-model_v4.pdb	his@83	ser@231	1134
Q7RTY8	S1_serine_protease	AF-Q7RTY8-F1-model_v4.pdb	his@642	ser@784	843
Q7RTY9	S1_serine_protease	AF-Q7RTY9-F1-model_v4.pdb	his@91	ser@243	318
Q7RTZ1	S1_serine_protease	AF-Q7RTZ1-F1-model_v4.pdb	his@88	ser@234	564
Q7Z410	S1_serine_protease	AF-Q7Z410-F1-model_v4.pdb	his@239	ser@381	1059
Q86WS5	S1_serine_protease	AF-Q86WS5-F1-model_v4.pdb	his@118	ser@262	348
Q8IU80	S1_serine_protease	AF-Q8IU80-F1-model_v4.pdb	his@613	ser@756	811
Q8NF86	S1_serine_protease	AF-Q8NF86-F1-model_v4.pdb	his@73	ser@225	280
Q8NHM4	S1_serine_protease	AF-Q8NHM4-F1-model_v4.pdb	his@59	ser@194	247
Q92876	S1_serine_protease	AF-Q92876-F1-model_v4.pdb	his@58	ser@191	244
Q99895	S1_serine_protease	AF-Q99895-F1-model_v4.pdb	his@70	ser@210	268
Q9BQR3	S1_serine_protease	AF-Q9BQR3-F1-model_v4.pdb	his@71	ser@223	290
Q9BYE2	S1_serine_protease	AF-Q9BYE2-F1-model_v4.pdb	his@362	ser@505	586
Q9BZJ3	S1_serine_protease	AF-Q9BZJ3-F1-model_v4.pdb	his@77	ser@225	242
Q9GZN4	S1_serine_protease	AF-Q9GZN4-F1-model_v4.pdb	his@86	ser@236	317
Q9H3S3	S1_serine_protease	AF-Q9H3S3-F1-model_v4.pdb	his@254	ser@399	457
Q9NRS4	S1_serine_protease	AF-Q9NRS4-F1-model_v4.pdb	his@241	ser@381	437
Q9P0G3	S1_serine_protease	AF-Q9P0G3-F1-model_v4.pdb	his@79	ser@214	267
Q9UBX7	S1_serine_protease	AF-Q9UBX7-F1-model_v4.pdb	his@90	ser@229	282
Q9UKQ9	S1_serine_protease	AF-Q9UKQ9-F1-model_v4.pdb	his@59	ser@198	250
Q9UKR0	S1_serine_protease	AF-Q9UKR0-F1-model_v4.pdb	his@58	ser@194	248
Q9UKR3	S1_serine_protease	AF-Q9UKR3-F1-model_v4.pdb	his@72	ser@212	277
Q9UL52	S1_serine_protease	AF-Q9UL52-F1-model_v4.pdb	his@228	ser@367	423
Q9UNI1	S1_serine_protease	AF-Q9UNI1-F1-model_v4.pdb	his@59	ser@200	258
Q9Y337	S1_serine_protease	AF-Q9Y337-F1-model_v4.pdb	his@104	ser@239	293
Q9Y5K2	S1_serine_protease	AF-Q9Y5K2-F1-model_v4.pdb	his@67	ser@201	254
Q9Y5Y6	S1_serine_protease	AF-Q9Y5Y6-F1-model_v4.pdb	his@652	ser@799	855
Q9Y6M0	S1_serine_protease	AF-Q9Y6M0-F1-model_v4.pdb	his@78	ser@232	314
