hash	val1	val2	res1_ind	res2_ind	res1	res2	pdb
13775298345253008810	-0.6706674	1.6637471	34	224	[83, 69, 82]	[65, 83, 80]	1uk7.pdb
13821524601513943503	-1.6243712	1.1221255	34	252	[83, 69, 82]	[72, 73, 83]	1uk7.pdb
13789071794269903984	-0.8618124	1.6317272	224	34	[65, 83, 80]	[83, 69, 82]	1uk7.pdb
13775298345253008809	-0.6706674	1.663747	224	252	[65, 83, 80]	[72, 73, 83]	1uk7.pdb
13821524601513943503	-1.6243712	1.1221255	252	34	[72, 73, 83]	[83, 69, 82]	1uk7.pdb
13775298345253008809	-0.6706674	1.663747	252	224	[72, 73, 83]	[65, 83, 80]	1uk7.pdb
13821524601513943504	-1.6243712	1.1221256	90	175	[83, 69, 82]	[65, 83, 80]	1bs9.pdb
13789071794269903983	-0.8618124	1.6317271	90	187	[83, 69, 82]	[72, 73, 83]	1bs9.pdb
13789071789974936688	-0.86181235	1.6317272	175	90	[65, 83, 80]	[83, 69, 82]	1bs9.pdb
13775298345253008809	-0.6706674	1.663747	175	187	[65, 83, 80]	[72, 73, 83]	1bs9.pdb
13789071794269903984	-0.8618124	1.6317272	187	90	[72, 73, 83]	[83, 69, 82]	1bs9.pdb
13775298345253008809	-0.6706674	1.663747	187	175	[72, 73, 83]	[65, 83, 80]	1bs9.pdb
13775298345253008809	-0.6706674	1.663747	80	207	[83, 69, 82]	[65, 83, 80]	1sc9.pdb
13789071794269903984	-0.8618124	1.6317272	80	235	[83, 69, 82]	[72, 73, 83]	1sc9.pdb
13789071794269903984	-0.8618124	1.6317272	207	80	[65, 83, 80]	[83, 69, 82]	1sc9.pdb
13775298345253008809	-0.6706674	1.663747	207	235	[65, 83, 80]	[72, 73, 83]	1sc9.pdb
13825010094165467620	-1.721113	-0.46119606	235	80	[72, 73, 83]	[83, 69, 82]	1sc9.pdb
13775298345253008809	-0.6706674	1.663747	235	207	[72, 73, 83]	[65, 83, 80]	1sc9.pdb
13789071794269903983	-0.8618124	1.6317271	47	192	[83, 69, 82]	[65, 83, 80]	1wab.pdb
13821524601513943503	-1.6243712	1.1221255	47	195	[83, 69, 82]	[72, 73, 83]	1wab.pdb
13789071794269903983	-0.8618124	1.6317271	192	47	[65, 83, 80]	[83, 69, 82]	1wab.pdb
13789071794269903983	-0.8618124	1.6317271	192	195	[65, 83, 80]	[72, 73, 83]	1wab.pdb
13789071789974936688	-0.86181235	1.6317272	195	47	[72, 73, 83]	[83, 69, 82]	1wab.pdb
13789071794269903983	-0.8618124	1.6317271	195	192	[72, 73, 83]	[65, 83, 80]	1wab.pdb
13821524601513943503	-1.6243712	1.1221255	117	259	[83, 69, 82]	[65, 83, 80]	1ju3.pdb
13789071794269903983	-0.8618124	1.6317271	117	287	[83, 69, 82]	[72, 73, 83]	1ju3.pdb
13789071789974936688	-0.86181235	1.6317272	259	117	[65, 83, 80]	[83, 69, 82]	1ju3.pdb
13775298345253008809	-0.6706674	1.663747	259	287	[65, 83, 80]	[72, 73, 83]	1ju3.pdb
13789071794269903983	-0.8618124	1.6317271	287	117	[72, 73, 83]	[83, 69, 82]	1ju3.pdb
4559136020889319461	0.77072227	1.5915571	287	259	[72, 73, 83]	[65, 83, 80]	1ju3.pdb
13821524601513943503	-1.6243712	1.1221255	61	75	[65, 83, 80]	[72, 73, 83]	1okg.pdb
13789071789974936688	-0.86181235	1.6317272	61	255	[65, 83, 80]	[83, 69, 82]	1okg.pdb
13789071794269903983	-0.8618124	1.6317271	75	61	[72, 73, 83]	[65, 83, 80]	1okg.pdb
13789071794269903983	-0.8618124	1.6317271	75	255	[72, 73, 83]	[83, 69, 82]	1okg.pdb
13821524601513943503	-1.6243712	1.1221255	255	61	[83, 69, 82]	[65, 83, 80]	1okg.pdb
13821524601513943503	-1.6243712	1.1221255	255	75	[83, 69, 82]	[72, 73, 83]	1okg.pdb
13821524601513943503	-1.6243712	1.1221255	232	250	[72, 73, 83]	[83, 69, 82]	1aq2.pdb
13789071794269903983	-0.8618124	1.6317271	232	269	[72, 73, 83]	[65, 83, 80]	1aq2.pdb
13789071789974936687	-0.86181235	1.6317271	250	232	[83, 69, 82]	[72, 73, 83]	1aq2.pdb
13789071794269903983	-0.8618124	1.6317271	250	269	[83, 69, 82]	[65, 83, 80]	1aq2.pdb
13789071794269903983	-0.8618124	1.6317271	269	232	[65, 83, 80]	[72, 73, 83]	1aq2.pdb
13789071794269903983	-0.8618124	1.6317271	269	250	[65, 83, 80]	[83, 69, 82]	1aq2.pdb
13821524601513943504	-1.6243712	1.1221256	169	276	[83, 69, 82]	[65, 83, 80]	2o7r.pdb
13789071794269903984	-0.8618124	1.6317272	169	306	[83, 69, 82]	[72, 73, 83]	2o7r.pdb
13789071789974936688	-0.86181235	1.6317272	276	169	[65, 83, 80]	[83, 69, 82]	2o7r.pdb
13775298345253008809	-0.6706674	1.663747	276	306	[65, 83, 80]	[72, 73, 83]	2o7r.pdb
13822024666700491980	-1.6382507	-0.8698242	306	169	[72, 73, 83]	[83, 69, 82]	2o7r.pdb
13775298345253008809	-0.6706674	1.663747	306	276	[72, 73, 83]	[65, 83, 80]	2o7r.pdb
